Source.Name,ticker,time,open,high,low,close,Volume
ABSA.csv,ABSA,14/09/2020,9.8,10,9.8,9.84,825100
ABSA.csv,ABSA,21/09/2020,9.8,10,9.6,9.98,4024700
ABSA.csv,ABSA,28/09/2020,10.2,10.8,9.66,9.8,4160000
ABSA.csv,ABSA,05/10/2020,9.82,9.9,9.36,9.44,2574100
ABSA.csv,ABSA,12/10/2020,9.4,9.8,9.3,9.8,316300
ABSA.csv,ABSA,19/10/2020,9.8,9.8,9.4,9.6,421800
ABSA.csv,ABSA,26/10/2020,9.5,9.6,9.3,9.4,3364200
ABSA.csv,ABSA,02/11/2020,9.5,9.6,9,9.6,282000
ABSA.csv,ABSA,09/11/2020,9.5,10,9.42,9.66,7733400
ABSA.csv,ABSA,16/11/2020,9.86,10.1,9.42,9.520001,6863100
ABSA.csv,ABSA,23/11/2020,9.76,9.76,9.2,9.6,7051500
ABSA.csv,ABSA,30/11/2020,9.6,9.96,9.3,9.7,2065900
ABSA.csv,ABSA,07/12/2020,9.72,9.8,9.2,9.520001,1859400
ABSA.csv,ABSA,14/12/2020,9.5,9.68,9.1,9.3,2977700
ABSA.csv,ABSA,21/12/2020,9.2,9.9,9.16,9.4,794200
ABSA.csv,ABSA,28/12/2020,9.4,9.88,9.24,9.42,201300
ABSA.csv,ABSA,04/01/2021,9.8,9.8,9.36,9.6,2507800
ABSA.csv,ABSA,11/01/2021,9.7,9.78,9.38,9.5,952600
ABSA.csv,ABSA,18/01/2021,9.5,9.78,9.4,9.46,872900
ABSA.csv,ABSA,25/01/2021,9.46,9.46,9,9.3,629000
ABSA.csv,ABSA,01/02/2021,9.36,9.38,8.9,9.1,4382800
ABSA.csv,ABSA,08/02/2021,9.3,9.6,9.1,9.6,2754900
ABSA.csv,ABSA,15/02/2021,9.5,9.7,9.5,9.66,2919100
ABSA.csv,ABSA,22/02/2021,9.7,9.9,9.6,9.8,1665000
ABSA.csv,ABSA,01/03/2021,9.8,9.8,9.24,9.64,318700
ABSA.csv,ABSA,08/03/2021,9.7,9.7,9.34,9.36,1062900
ABSA.csv,ABSA,15/03/2021,9.42,9.6,9.24,9.48,1168800
ABSA.csv,ABSA,22/03/2021,9.48,9.48,8.5,8.98,2099100
ABSA.csv,ABSA,29/03/2021,8.6,9,8.5,8.82,1405600
ABSA.csv,ABSA,05/04/2021,9,9,8.7,8.9,793300
ABSA.csv,ABSA,12/04/2021,8.9,9,8.7,8.84,445700
ABSA.csv,ABSA,19/04/2021,8.84,8.86,8.6,8.7,974400
ABSA.csv,ABSA,26/04/2021,8.78,8.8,8.6,8.8,816900
ABSA.csv,ABSA,03/05/2021,8.8,8.9,8.6,8.82,420400
ABSA.csv,ABSA,10/05/2021,8.84,8.88,8.7,8.86,806900
ABSA.csv,ABSA,17/05/2021,8.88,9.16,8.8,9.14,1019700
ABSA.csv,ABSA,24/05/2021,9.1,9.78,8.94,9.5,2875300
ABSA.csv,ABSA,31/05/2021,9.5,9.9,9.34,9.82,3547500
ABSA.csv,ABSA,07/06/2021,9.82,10.2,9.74,10,599900
ABSA.csv,ABSA,14/06/2021,10,10.25,9.94,10.15,6534500
ABSA.csv,ABSA,21/06/2021,10.15,10.25,9.8,10,1138600
ABSA.csv,ABSA,28/06/2021,10,10.1,9.2,9.6,1530200
ABSA.csv,ABSA,05/07/2021,9.76,10.15,9.4,10.05,7078900
ABSA.csv,ABSA,12/07/2021,10.05,10.25,9.82,10,1090000
ABSA.csv,ABSA,19/07/2021,10.1,10.1,9.6,9.9,897100
ABSA.csv,ABSA,26/07/2021,9.9,10.2,9.5,9.9,3064200
ABSA.csv,ABSA,02/08/2021,9.9,9.98,9.68,9.76,923300
ABSA.csv,ABSA,09/08/2021,9.8,10,9.7,9.72,1218800
ABSA.csv,ABSA,16/08/2021,9.8,10.35,9.7,10.15,1089100
ABSA.csv,ABSA,23/08/2021,10.3,11.15,10.2,11,10197300
ABSA.csv,ABSA,30/08/2021,11.1,11.1,10.35,10.5,1329000
ABSA.csv,ABSA,06/09/2021,10.55,10.55,10,10.5,2641400
ABSA.csv,ABSA,13/09/2021,10.55,11.35,10.3,10.6,4461400
ABSA.csv,ABSA,20/09/2021,10.6,10.7,10.05,10.5,1412300
ABSA.csv,ABSA,27/09/2021,10.65,10.65,10.3,10.5,3525900
ABSA.csv,ABSA,04/10/2021,10.55,10.55,10,10.3,1835900
ABSA.csv,ABSA,11/10/2021,10.25,10.3,10.05,10.2,1296800
ABSA.csv,ABSA,18/10/2021,10.25,10.3,10,10,607300
ABSA.csv,ABSA,25/10/2021,10.3,10.5,10,10.25,1055100
ABSA.csv,ABSA,01/11/2021,10.45,10.45,10,10.3,528800
ABSA.csv,ABSA,08/11/2021,10.25,10.45,10.05,10.4,7089300
ABSA.csv,ABSA,15/11/2021,10.5,10.55,10.2,10.5,3214600
ABSA.csv,ABSA,22/11/2021,10.5,11.1,10.45,11.1,11603900
ABSA.csv,ABSA,29/11/2021,11.2,11.4,10.5,10.85,12751900
ABSA.csv,ABSA,06/12/2021,10.85,11.1,10.8,11,1122300
ABSA.csv,ABSA,13/12/2021,11.1,11.3,10.95,11.05,850800
ABSA.csv,ABSA,20/12/2021,11.3,11.75,11,11.55,1109400
ABSA.csv,ABSA,27/12/2021,11.55,12,11.5,11.9,851500
ABSA.csv,ABSA,03/01/2022,11.9,11.95,11.6,11.85,548600
ABSA.csv,ABSA,10/01/2022,11.75,12,11.7,11.8,2035200
ABSA.csv,ABSA,17/01/2022,11.85,12,11.75,11.85,616600
ABSA.csv,ABSA,24/01/2022,11.85,11.9,11.6,11.75,833000
ABSA.csv,ABSA,31/01/2022,11.75,12,11.6,11.85,963000
ABSA.csv,ABSA,07/02/2022,11.9,12,11,11.85,924500
ABSA.csv,ABSA,14/02/2022,11.8,12.1,11.6,11.9,1501300
ABSA.csv,ABSA,21/02/2022,12,12.5,11.8,12,11450600
ABSA.csv,ABSA,28/02/2022,12,12.2,11.3,12,558600
ABSA.csv,ABSA,07/03/2022,12,12.4,11.75,12.05,954900
ABSA.csv,ABSA,14/03/2022,12.05,12.9,12.05,12.4,7606300
ABSA.csv,ABSA,21/03/2022,12.3,12.95,12.3,12.3,6243400
ABSA.csv,ABSA,28/03/2022,12.5,12.65,12,12.1,1265400
ABSA.csv,ABSA,04/04/2022,12.5,12.5,12.15,12.3,455200
ABSA.csv,ABSA,11/04/2022,12.3,12.55,12.2,12.55,679800
ABSA.csv,ABSA,19/04/2022,12.65,12.85,12.45,12.6,2081500
ABSA.csv,ABSA,25/04/2022,12.7,12.7,9.7,9.7,1715900
ABSA.csv,ABSA,04/05/2022,10,10.25,9.76,10,327700
ABSA.csv,ABSA,09/05/2022,10,10.2,9.020001,9.76,728500
ABSA.csv,ABSA,16/05/2022,9.88,9.94,9.7,9.8,425300
ABSA.csv,ABSA,23/05/2022,9.76,10.5,9.7,10.5,1333200
ABSA.csv,ABSA,30/05/2022,10.45,10.75,10,10.55,330600
ABSA.csv,ABSA,06/06/2022,11,12,10.5,11.5,9057300
ABSA.csv,ABSA,13/06/2022,11.6,11.6,10.4,10.4,440300
ABSA.csv,ABSA,20/06/2022,10.85,10.85,10,10.3,397400
ABSA.csv,ABSA,27/06/2022,10.25,10.8,10.2,10.55,459300
ABSA.csv,ABSA,04/07/2022,10.5,11.8,10.5,11.6,517800
ABSA.csv,ABSA,12/07/2022,11.6,11.7,10.5,10.5,578900
ABSA.csv,ABSA,18/07/2022,11,11,10.05,10.75,994900
ABSA.csv,ABSA,25/07/2022,10.8,11.15,10.6,11.1,816200
ABSA.csv,ABSA,01/08/2022,11.1,11.6,11.05,11.5,1647300
ABSA.csv,ABSA,08/08/2022,11.55,12.5,11.4,12.3,1062000
ABSA.csv,ABSA,15/08/2022,12.3,12.45,12,12.45,633600
ABSA.csv,ABSA,22/08/2022,12.35,12.5,11,12,561700
ABSA.csv,ABSA,29/08/2022,12.3,12.3,11.45,12,265600
ABSA.csv,ABSA,05/09/2022,12.3,12.5,11.7,12,2078100
ABSA.csv,ABSA,12/09/2022,11.95,12,11.1,11.7,357400
ABSA.csv,ABSA,19/09/2022,11.7,12,11,11.5,1225500
ABSA.csv,ABSA,26/09/2022,11.8,11.8,11.05,11.45,2259500
ABSA.csv,ABSA,03/10/2022,11.35,11.4,10.8,11,482200
ABSA.csv,ABSA,11/10/2022,11,11.2,10.8,11.15,240900
ABSA.csv,ABSA,17/10/2022,11.2,12,11.2,11.55,365200
ABSA.csv,ABSA,24/10/2022,11.65,11.65,11,11.25,294000
ABSA.csv,ABSA,31/10/2022,11.35,12.25,11.15,11.55,475400
ABSA.csv,ABSA,07/11/2022,11.5,12,11.1,11.7,2427700
ABSA.csv,ABSA,14/11/2022,11.9,11.9,11.4,11.75,15320300
ABSA.csv,ABSA,21/11/2022,11.75,11.8,11.3,11.7,419100
ABSA.csv,ABSA,28/11/2022,11.7,12.5,11.25,11.65,357600
ABSA.csv,ABSA,05/12/2022,11.8,12.5,11.65,12,346900
ABSA.csv,ABSA,13/12/2022,12,12.3,12,12.25,430300
ABSA.csv,ABSA,19/12/2022,12.3,12.5,12,12.2,343800
ABSA.csv,ABSA,27/12/2022,12.1,12.5,12.1,12.2,1177000
ABSA.csv,ABSA,03/01/2023,12.1,12.45,12,12.15,9682600
ABSA.csv,ABSA,09/01/2023,12.05,12.5,11.9,12.3,756200
ABSA.csv,ABSA,16/01/2023,12.25,12.8,12.05,12.5,396500
ABSA.csv,ABSA,23/01/2023,12.3,13,12.25,12.4,651900
ABSA.csv,ABSA,30/01/2023,12.45,12.55,12.3,12.3,629500
ABSA.csv,ABSA,06/02/2023,12.25,12.7,12.25,12.65,359600
ABSA.csv,ABSA,13/02/2023,12.55,12.7,12.4,12.55,728200
ABSA.csv,ABSA,20/02/2023,12.55,12.7,12.5,12.55,4180500
ABSA.csv,ABSA,27/02/2023,12.6,12.9,12.05,12.5,11461500
ABSA.csv,ABSA,06/03/2023,12.5,12.7,12.05,12.7,1425000
ABSA.csv,ABSA,13/03/2023,12.75,12.95,11.9,12,3342100
ABSA.csv,ABSA,20/03/2023,12,12,11.5,12,924500
ABSA.csv,ABSA,27/03/2023,12,13,11.9,12.95,512800
ABSA.csv,ABSA,03/04/2023,13,13,12.6,12.6,206800
ABSA.csv,ABSA,11/04/2023,12.6,12.95,12.4,12.6,258900
ABSA.csv,ABSA,17/04/2023,12.75,12.75,12.35,12.45,2981800
ABSA.csv,ABSA,24/04/2023,12.45,12.5,11.95,12.1,3388000
ABSA.csv,ABSA,02/05/2023,11.8,11.8,10,10.4,925300
ABSA.csv,ABSA,08/05/2023,10.4,10.7,10.15,10.15,5157000
ABSA.csv,ABSA,15/05/2023,10.15,10.5,10.15,10.35,1752500
ABSA.csv,ABSA,22/05/2023,10.35,11.3,10.35,10.8,10591500
ABSA.csv,ABSA,29/05/2023,10.8,11.9,10.8,11.85,750100
ABSA.csv,ABSA,05/06/2023,11.8,12,11.2,11.7,1178500
ABSA.csv,ABSA,12/06/2023,11.7,12,11.5,11.7,3245400
ABSA.csv,ABSA,19/06/2023,11.95,11.95,11.5,11.8,477900
ABSA.csv,ABSA,26/06/2023,11.8,11.85,11.6,11.75,240800
ABSA.csv,ABSA,03/07/2023,11.75,12.5,11.75,12,6999100
ABSA.csv,ABSA,10/07/2023,12.15,12.25,12.05,12.25,614100
ABSA.csv,ABSA,17/07/2023,12.25,12.4,12.1,12.35,1927400
ABSA.csv,ABSA,24/07/2023,12.35,12.6,12,12.5,2148600
ABSA.csv,ABSA,31/07/2023,12.6,12.6,12.05,12.5,553700
ABSA.csv,ABSA,07/08/2023,12.4,12.6,12.35,12.4,11486700
ABSA.csv,ABSA,14/08/2023,12.5,12.5,11.55,12,12143200
ABSA.csv,ABSA,21/08/2023,12,12,11,11.4,606800
ABSA.csv,ABSA,28/08/2023,11.1,12,10.95,11.75,553800
ABSA.csv,ABSA,04/09/2023,11.85,12,11.5,11.75,10894200
ABSA.csv,ABSA,11/09/2023,11.85,11.9,11.5,11.75,7373300
ABSA.csv,ABSA,18/09/2023,11.75,12.4,11.7,11.9,1886400
ABSA.csv,ABSA,25/09/2023,11.8,12,11.75,12,2474200
ABSA.csv,ABSA,02/10/2023,12,12,11.5,11.95,555600
ABSA.csv,ABSA,09/10/2023,12,12,11.75,11.95,1623000
ABSA.csv,ABSA,16/10/2023,11.95,12.05,11.75,11.95,1713300
ABSA.csv,ABSA,23/10/2023,12,12.05,11.5,11.85,1003200
ABSA.csv,ABSA,30/10/2023,11.85,11.85,11.3,11.5,347000
ABSA.csv,ABSA,06/11/2023,11.5,11.55,10.55,10.8,481200
ABSA.csv,ABSA,14/11/2023,10.8,11.45,10.65,11.2,313300
ABSA.csv,ABSA,20/11/2023,11.15,11.8,11,11.8,304600
ABSA.csv,ABSA,27/11/2023,11.6,11.75,10.55,11.45,470100
ABSA.csv,ABSA,04/12/2023,11.45,11.75,10.95,11.5,400500
ABSA.csv,ABSA,11/12/2023,11.5,11.7,11,11.35,250100
ABSA.csv,ABSA,18/12/2023,11.35,11.5,11.05,11.35,548100
ABSA.csv,ABSA,27/12/2023,11.25,11.5,11.05,11.5,143000
ABSA.csv,ABSA,02/01/2024,11.75,11.75,11.4,11.75,229000
ABSA.csv,ABSA,08/01/2024,11.65,11.85,11,11.5,961400
ABSA.csv,ABSA,15/01/2024,11.05,11.7,11.05,11.5,891700
ABSA.csv,ABSA,22/01/2024,11.35,11.7,11.35,11.7,774900
ABSA.csv,ABSA,29/01/2024,11.55,12.25,11.55,12.25,467500
ABSA.csv,ABSA,05/02/2024,11.9,12.3,11.8,12.1,2259200
ABSA.csv,ABSA,12/02/2024,12.05,12.3,12,12.2,1191400
ABSA.csv,ABSA,19/02/2024,12.15,12.75,12,12.7,1287500
ABSA.csv,ABSA,26/02/2024,12.7,13.1,12.2,13,1373200
ABSA.csv,ABSA,04/03/2024,13.4,13.4,12.6,13,545400
ABSA.csv,ABSA,11/03/2024,12.9,14.3,12.7,14.3,1817400
ABSA.csv,ABSA,18/03/2024,14,14.2,13.7,14.1,10870100
ABSA.csv,ABSA,25/03/2024,14,14.35,13.75,13.9,1578400
ABSA.csv,ABSA,02/04/2024,13.95,14.15,13.7,13.7,1130500
ABSA.csv,ABSA,08/04/2024,14,14,13,13.55,1540000
ABSA.csv,ABSA,15/04/2024,13.5,13.6,12.75,12.8,3941400
ABSA.csv,ABSA,22/04/2024,12.8,13.6,12.5,13.5,1993300
ABSA.csv,ABSA,29/04/2024,13.5,14,11.5,12.4,1747600
ABSA.csv,ABSA,06/05/2024,12.3,12.6,12,12.4,905300
ABSA.csv,ABSA,13/05/2024,12.5,13.2,12.1,13,2042500
ABSA.csv,ABSA,20/05/2024,13,13.7,12.8,13.55,3813000
ABSA.csv,ABSA,27/05/2024,13.55,13.8,12.75,13.7,6266000
ABSA.csv,ABSA,03/06/2024,13.7,14,13.5,13.75,1914800
ABSA.csv,ABSA,10/06/2024,13.8,14,13.6,13.9,2208600
ABSA.csv,ABSA,17/06/2024,13.9,14.05,13.85,14.05,9727300
ABSA.csv,ABSA,24/06/2024,14.1,14.25,13.5,14,1399900
ABSA.csv,ABSA,01/07/2024,14,14.25,13.9,14.25,7724800
ABSA.csv,ABSA,08/07/2024,14.1,14.5,13.5,14,1251100
ABSA.csv,ABSA,15/07/2024,14.45,14.45,13.85,14,2153700
ABSA.csv,ABSA,22/07/2024,14,14.3,13.9,14.3,771300
ABSA.csv,ABSA,29/07/2024,14,14.1,14,14.05,778200
ABSA.csv,ABSA,05/08/2024,14.05,14.25,13.9,14,13154400
ABSA.csv,ABSA,12/08/2024,14,14.2,13.8,14.2,350000
ABSA.csv,ABSA,19/08/2024,14.1,14.3,13.9,14.25,427000
ABSA.csv,ABSA,26/08/2024,14.2,15,13.9,14.25,6552800
ABSA.csv,ABSA,02/09/2024,14.25,14.45,13.9,13.9,612000
ABSA.csv,ABSA,09/09/2024,14.1,14.4,13.85,14.3,823200
ABSA.csv,ABSA,16/09/2024,14.4,14.5,13.8,14.3,1610300
ABSA.csv,ABSA,23/09/2024,14.5,14.5,13.9,14.15,1702400
ABSA.csv,ABSA,30/09/2024,14.15,14.3,13.8,14.25,263700
ABSA.csv,ABSA,07/10/2024,14.3,14.3,13.8,14.15,333500
ABSA.csv,ABSA,14/10/2024,14.2,15.5,13.9,14.9,528100
ABSA.csv,ABSA,22/10/2024,14.9,16.35,14.2,15.3,789800
ABSA.csv,ABSA,28/10/2024,15.3,16.7,15,15.2,1042900
ABSA.csv,ABSA,04/11/2024,15.45,15.45,14.8,15,1613400
ABSA.csv,ABSA,11/11/2024,15.2,16,15,15.45,656700
ABSA.csv,ABSA,18/11/2024,15.45,16,15.1,15.45,1820300
ABSA.csv,ABSA,25/11/2024,15.45,15.75,14.55,15,1457700
ABSA.csv,ABSA,02/12/2024,15.25,15.45,14.6,15.25,864300
ABSA.csv,ABSA,09/12/2024,15.1,15.75,15,15.45,463800
ABSA.csv,ABSA,16/12/2024,15.5,17,15.1,17,1034300
ABSA.csv,ABSA,23/12/2024,16.9,17.95,16.7,17.3,224500
ABSA.csv,ABSA,30/12/2024,17.4,19.5,17.4,19.2,3199100
ABSA.csv,ABSA,06/01/2025,19.2,19.3,17.55,19,15640800
ABSA.csv,ABSA,13/01/2025,19.4,19.4,16.9,17.45,3180600
ABSA.csv,ABSA,20/01/2025,17.05,18.1,17.05,18,650100
ABSA.csv,ABSA,27/01/2025,18,18.5,17.4,18,704900
ABSA.csv,ABSA,03/02/2025,18.1,18.5,17.85,18.5,615700
ABSA.csv,ABSA,10/02/2025,18.1,18.95,18.1,18.4,1103800
ABSA.csv,ABSA,17/02/2025,18.6,19.2,18.1,19,11057000
ABSA.csv,ABSA,24/02/2025,19,19.2,18.6,19.15,3139000
ABSA.csv,ABSA,03/03/2025,19,19.45,19,19.35,3431200
ABSA.csv,ABSA,10/03/2025,19.4,19.95,18.6,19.1,3836900
ABSA.csv,ABSA,17/03/2025,19.1,19.3,17.1,19.05,1008600
ABSA.csv,ABSA,24/03/2025,19.05,19.2,18.8,19,1228600
ABSA.csv,ABSA,01/04/2025,19,19.1,17.8,17.85,661700
ABSA.csv,ABSA,07/04/2025,18.45,18.45,16.6,17.1,747100
ABSA.csv,ABSA,14/04/2025,17.5,17.8,17,17.5,336800
ABSA.csv,ABSA,22/04/2025,17.5,18.9,17.35,18.5,369300
ABSA.csv,ABSA,28/04/2025,18.5,19,15,17,731000
ABSA.csv,ABSA,05/05/2025,17.05,18,16,17.75,1806500
ABSA.csv,ABSA,12/05/2025,16.65,17.7,16.45,17.1,744400
ABSA.csv,ABSA,19/05/2025,17.5,17.95,17.1,17.9,2067000
ABSA.csv,ABSA,26/05/2025,17.9,18.6,17.7,18.25,15959500
ABSA.csv,ABSA,03/06/2025,18.5,18.5,17.95,18.15,732100
ABSA.csv,ABSA,09/06/2025,18.15,19.2,18.05,18.9,2029400
ABSA.csv,ABSA,16/06/2025,18.9,19.1,18.1,18.9,1999300
ABSA.csv,ABSA,23/06/2025,18.8,19.15,18.5,19.05,910600
ABSA.csv,ABSA,30/06/2025,19.05,20,19,20,2034400
ABSA.csv,ABSA,07/07/2025,20,20.2,19.6,19.8,607000
ABSA.csv,ABSA,14/07/2025,19.7,20,19.45,19.8,939200
ABSA.csv,ABSA,21/07/2025,19.9,19.9,19,19.4,1554900
ABSA.csv,ABSA,28/07/2025,19.4,19.7,19.2,19.55,11800600
ABSA.csv,ABSA,04/08/2025,19.7,19.9,19.5,19.85,4146270
ABSA.csv,ABSA,11/08/2025,20,20,19.55,20,6286887
ABSA.csv,ABSA,18/08/2025,19.95,20,17.95,19.9,3433208
ABSA.csv,ABSA,25/08/2025,19.9,20.6,19.75,20.15,1764526
ABSA.csv,ABSA,01/09/2025,21,21.5,20,20.7,1285391
ABSA.csv,ABSA,08/09/2025,20.7,24.85,20.65,23.2,2114827
ABSA.csv,ABSA,15/09/2025,23.05,23.5,20.5,20.75,19997745
ABSA.csv,ABSA,22/09/2025,21,22.8,19.7,20.8,2473593
ABSA.csv,ABSA,29/09/2025,20.7,22.8,20.5,22,860970
ABSA.csv,ABSA,06/10/2025,22.1,22.6,21.1,22.2,2258916
ABSA.csv,ABSA,13/10/2025,21.85,22.45,21,22.05,716901
ABSA.csv,ABSA,21/10/2025,22.1,23.5,21.45,22.65,5535888
ABSA.csv,ABSA,27/10/2025,22.65,23.1,22.4,22.8,1289775
ABSA.csv,ABSA,03/11/2025,23.2,26,22.8,25.75,1736877
ABSA.csv,ABSA,10/11/2025,25,26.25,23.3,24.95,4511739
ABSA.csv,ABSA,17/11/2025,24.95,25,22.5,23,970345
ABSA.csv,ABSA,24/11/2025,22.85,23,21.5,23,7127841
ABSA.csv,ABSA,01/12/2025,23,23.2,21.9,22.5,986636
ABSA.csv,ABSA,08/12/2025,22.7,22.7,21.7,22,2446623
ABSA.csv,ABSA,15/12/2025,22,22.6,21.95,22.5,5268344
ABSA.csv,ABSA,22/12/2025,22.5,23.7,22.3,23.7,817882
ABSA.csv,ABSA,29/12/2025,23.5,25.45,23.05,25.25,549703
ABSA.csv,ABSA,05/01/2026,24.5,26.5,24,25.8,3427917
ABSA.csv,ABSA,12/01/2026,25.8,26,25.3,25.8,7557582
ABSA.csv,ABSA,19/01/2026,25.8,28,25.6,28,1065016
ABSA.csv,ABSA,26/01/2026,27.9,28.5,26.1,28,2187771
ABSA.csv,ABSA,02/02/2026,27.95,29.75,27.5,28.3,3502506
ABSA.csv,ABSA,09/02/2026,28.3,30,28.2,30,11138316
ABSA.csv,ABSA,16/02/2026,30,30.35,28,28,6497776
ABSA.csv,ABSA,23/02/2026,28,33,28,32.5,5546069
ABSA.csv,ABSA,02/03/2026,32.2,32.4,29.35,30.3,8200304
ABSA.csv,ABSA,09/03/2026,30.3,31.9,30,31,5321960
ABSA.csv,ABSA,16/03/2026,31,32.95,31,31.6,920665
ABSA.csv,ABSA,23/03/2026,31.6,31.6,26.9,27.85,5041347
ABSA.csv,ABSA,30/03/2026,27.85,29.85,26.9,29.7,1776932
ABSA.csv,ABSA,07/04/2026,29.7,31.5,29.7,31,2104036
ABSA.csv,ABSA,13/04/2026,31,31.95,30,31.5,834897
ABSA.csv,ABSA,20/04/2026,31.35,31.5,30.25,31,3668544
ABSA.csv,ABSA,27/04/2026,31,31.2,30.25,30.95,3504251
ABSA.csv,ABSA,04/05/2026,30.35,30.55,25.65,28.3,1488196
ABSA.csv,ABSA,11/05/2026,28.25,29.9,28.2,28.6,3561364
ABSA.csv,ABSA,18/05/2026,28.7,29.5,28.05,28.7,7737851
ABSA.csv,ABSA,25/05/2026,28.7,30,28.1,29,2094309
ABSA.csv,ABSA,02/06/2026,29,29.95,28.1,29.2,2305984
ABSA.csv,ABSA,08/06/2026,29.2,29.2,28.75,29.15,294990
COOP.csv,COOP,14/09/2020,11.7,12.15,11.25,12,1654700
COOP.csv,COOP,21/09/2020,12.1,12.1,11.75,11.9,3800100
COOP.csv,COOP,28/09/2020,11.8,12,11.6,11.7,2980800
COOP.csv,COOP,05/10/2020,11.8,12.1,11.05,11.45,1634500
COOP.csv,COOP,12/10/2020,11.7,12,11.5,12,674700
COOP.csv,COOP,19/10/2020,11.8,12,11.2,11.4,544600
COOP.csv,COOP,26/10/2020,12,12,11.05,11.45,618000
COOP.csv,COOP,02/11/2020,11.5,12,11.3,11.5,771400
COOP.csv,COOP,09/11/2020,11.55,11.7,11.2,11.4,4419600
COOP.csv,COOP,16/11/2020,11.5,11.95,11.3,11.75,1347800
COOP.csv,COOP,23/11/2020,11.5,11.95,11.2,11.8,481700
COOP.csv,COOP,30/11/2020,11.85,11.9,11.4,11.65,449000
COOP.csv,COOP,07/12/2020,11.7,11.95,11.5,11.75,2478000
COOP.csv,COOP,14/12/2020,11.6,12,11.5,11.9,6996700
COOP.csv,COOP,21/12/2020,11.7,11.95,11.65,11.85,392200
COOP.csv,COOP,28/12/2020,11.9,12.8,11.85,12.5,2488000
COOP.csv,COOP,04/01/2021,12.5,13.7,12.2,13.1,985200
COOP.csv,COOP,11/01/2021,13,13.2,12.7,13,1790600
COOP.csv,COOP,18/01/2021,13,13.1,12.3,12.8,980400
COOP.csv,COOP,25/01/2021,12.8,12.9,12.5,12.55,287200
COOP.csv,COOP,01/02/2021,12.8,12.8,11.8,12.2,3563700
COOP.csv,COOP,08/02/2021,12.2,12.9,12.2,12.65,818400
COOP.csv,COOP,15/02/2021,12.7,13,12.2,13,2492700
COOP.csv,COOP,22/02/2021,12.6,13.5,12.6,13,856600
COOP.csv,COOP,01/03/2021,13,13.4,12.9,13,12853100
COOP.csv,COOP,08/03/2021,13,13,12.05,12.95,354100
COOP.csv,COOP,15/03/2021,13,14.05,12.65,13.95,1608900
COOP.csv,COOP,22/03/2021,14,14,13.25,13.6,3272200
COOP.csv,COOP,29/03/2021,13,14,11.75,11.9,4219900
COOP.csv,COOP,05/04/2021,11.95,12.1,11.7,11.95,897900
COOP.csv,COOP,12/04/2021,12,12,11.3,11.85,1543700
COOP.csv,COOP,19/04/2021,11.65,11.95,11.5,11.9,1201200
COOP.csv,COOP,26/04/2021,11.95,12.45,11.65,12.1,3524100
COOP.csv,COOP,03/05/2021,12.2,12.9,12.2,12.6,4039100
COOP.csv,COOP,10/05/2021,12.65,12.65,12.1,12.35,1927600
COOP.csv,COOP,17/05/2021,12.5,12.8,11.9,12.1,2753000
COOP.csv,COOP,24/05/2021,12.3,12.45,12,12.1,3939400
COOP.csv,COOP,31/05/2021,12.4,12.45,12.05,12.2,4993700
COOP.csv,COOP,07/06/2021,12.2,12.45,12.1,12.2,2987600
COOP.csv,COOP,14/06/2021,12.3,12.4,12.1,12.25,3903000
COOP.csv,COOP,21/06/2021,12.3,13.05,11.9,13.05,7192300
COOP.csv,COOP,28/06/2021,13.05,13.95,12.8,13.25,8949900
COOP.csv,COOP,05/07/2021,13.25,13.8,13.2,13.6,1611900
COOP.csv,COOP,12/07/2021,13.6,13.85,13.2,13.7,1132900
COOP.csv,COOP,19/07/2021,13.3,13.75,12.5,13.45,1020000
COOP.csv,COOP,26/07/2021,13.5,13.75,12.8,13.5,3082300
COOP.csv,COOP,02/08/2021,13.5,13.75,13.1,13.75,1211400
COOP.csv,COOP,09/08/2021,13.75,13.85,13.55,13.8,13408100
COOP.csv,COOP,16/08/2021,13.85,14,13.5,13.7,2139000
COOP.csv,COOP,23/08/2021,13.7,14,13.5,13.8,4511700
COOP.csv,COOP,30/08/2021,13.85,13.9,13,13.55,1975400
COOP.csv,COOP,06/09/2021,13.55,13.65,13.3,13.45,742300
COOP.csv,COOP,13/09/2021,13.45,13.6,13,13.6,5297700
COOP.csv,COOP,20/09/2021,13.6,13.6,13,13.2,3626000
COOP.csv,COOP,27/09/2021,13.45,14,13,13.4,818800
COOP.csv,COOP,04/10/2021,13.6,13.6,13,13.2,340600
COOP.csv,COOP,11/10/2021,13.15,13.2,12.5,12.6,1615200
COOP.csv,COOP,18/10/2021,13,13,12.6,12.7,2926400
COOP.csv,COOP,25/10/2021,12.8,12.8,12.4,12.5,775100
COOP.csv,COOP,01/11/2021,12.7,12.8,12.3,12.5,4648300
COOP.csv,COOP,08/11/2021,12.5,13.5,12,13.5,1699700
COOP.csv,COOP,15/11/2021,13.45,13.45,12.25,12.25,1888600
COOP.csv,COOP,22/11/2021,12.5,12.5,12.1,12.5,2601600
COOP.csv,COOP,29/11/2021,12.35,12.5,11.5,11.5,965800
COOP.csv,COOP,06/12/2021,11.8,12.5,11.5,12.5,952600
COOP.csv,COOP,13/12/2021,12.2,12.5,12,12.3,3774800
COOP.csv,COOP,20/12/2021,12.35,13.5,12.1,13,837400
COOP.csv,COOP,27/12/2021,13.2,13.3,12.55,12.9,284900
COOP.csv,COOP,03/01/2022,13,13.5,12.8,12.8,496200
COOP.csv,COOP,10/01/2022,12.95,13.3,12.4,13.3,492300
COOP.csv,COOP,17/01/2022,13,13.3,12.65,13.2,3433600
COOP.csv,COOP,24/01/2022,13.2,13.2,12.7,13,496400
COOP.csv,COOP,31/01/2022,13,13.1,12.9,12.95,3499400
COOP.csv,COOP,07/02/2022,13,13.05,12.8,13,3248900
COOP.csv,COOP,14/02/2022,12.95,13.5,12.9,13.25,4893200
COOP.csv,COOP,21/02/2022,13.3,13.4,12.65,12.7,621600
COOP.csv,COOP,28/02/2022,13,13.15,12.65,12.95,445300
COOP.csv,COOP,07/03/2022,13.1,13.1,12.7,12.7,644700
COOP.csv,COOP,14/03/2022,12.95,13.6,12.8,13.6,1562900
COOP.csv,COOP,21/03/2022,14,14,12.8,12.9,692000
COOP.csv,COOP,28/03/2022,12.9,13.4,12.5,12.9,955400
COOP.csv,COOP,04/04/2022,13,13.15,12.5,12.55,376500
COOP.csv,COOP,11/04/2022,12.8,13,12.5,12.8,248400
COOP.csv,COOP,19/04/2022,13.15,13.15,12.55,12.6,223500
COOP.csv,COOP,25/04/2022,12.65,13,12.5,12.65,588700
COOP.csv,COOP,04/05/2022,12.6,12.65,12,12.3,508400
COOP.csv,COOP,09/05/2022,12.5,12.5,12,12.25,1053500
COOP.csv,COOP,16/05/2022,12.3,12.5,11.1,11.15,1156800
COOP.csv,COOP,23/05/2022,11.8,11.95,11.2,11.95,3318600
COOP.csv,COOP,30/05/2022,11.95,12.5,10.3,11,1923600
COOP.csv,COOP,06/06/2022,11.2,11.5,10.5,10.95,1068100
COOP.csv,COOP,13/06/2022,10.95,11.05,10.5,11,868500
COOP.csv,COOP,20/06/2022,11,11,10.5,10.75,634800
COOP.csv,COOP,27/06/2022,10.75,11.5,10.75,11,1710300
COOP.csv,COOP,04/07/2022,11.45,11.6,10.95,11.6,1520800
COOP.csv,COOP,12/07/2022,11.5,11.5,10.9,11.45,2394200
COOP.csv,COOP,18/07/2022,11.45,11.5,11,11.45,550100
COOP.csv,COOP,25/07/2022,11.25,12,11.25,11.85,2287400
COOP.csv,COOP,01/08/2022,11.9,12,11.4,11.8,1085900
COOP.csv,COOP,08/08/2022,12,13,12,12.8,508500
COOP.csv,COOP,15/08/2022,12.8,12.9,12.5,12.6,1755600
COOP.csv,COOP,22/08/2022,12.85,12.9,11.9,12.6,1108200
COOP.csv,COOP,29/08/2022,12.6,12.8,12,12.4,1250700
COOP.csv,COOP,05/09/2022,12.4,12.9,12,12.4,8288400
COOP.csv,COOP,12/09/2022,12.5,12.9,12.2,12.35,2090300
COOP.csv,COOP,19/09/2022,12.4,12.5,11.8,12.1,1710200
COOP.csv,COOP,26/09/2022,12.05,12.2,11.5,11.7,1074300
COOP.csv,COOP,03/10/2022,11.8,12,11.65,12,571200
COOP.csv,COOP,11/10/2022,12.5,12.5,11.8,12,480800
COOP.csv,COOP,17/10/2022,12,12.15,11.9,12,496600
COOP.csv,COOP,24/10/2022,12,12,11.75,11.8,2270800
COOP.csv,COOP,31/10/2022,11.85,12,11.5,11.8,661100
COOP.csv,COOP,07/11/2022,12,12.35,11.7,11.9,298400
COOP.csv,COOP,14/11/2022,11.9,12.5,11.75,12.3,2855600
COOP.csv,COOP,21/11/2022,12.3,12.8,12,12.4,7970500
COOP.csv,COOP,28/11/2022,12.6,12.6,11.8,12,940800
COOP.csv,COOP,05/12/2022,12,12.5,11.6,12,563200
COOP.csv,COOP,13/12/2022,12,12.5,11.9,12,1411800
COOP.csv,COOP,19/12/2022,12,12.4,11.85,12.35,747800
COOP.csv,COOP,27/12/2022,12.35,12.45,12,12.45,293800
COOP.csv,COOP,03/01/2023,12.4,12.8,12,12.8,842700
COOP.csv,COOP,09/01/2023,12.4,12.85,12.1,12.8,2012900
COOP.csv,COOP,16/01/2023,12.7,12.8,12.2,12.8,3729100
COOP.csv,COOP,23/01/2023,12.8,13,12.25,12.6,3303300
COOP.csv,COOP,30/01/2023,12.6,12.95,12.2,12.5,2630500
COOP.csv,COOP,06/02/2023,12.5,12.7,12.2,12.6,1526600
COOP.csv,COOP,13/02/2023,12.5,12.85,12.45,12.6,6519000
COOP.csv,COOP,20/02/2023,12.6,12.8,12.45,12.45,2162100
COOP.csv,COOP,27/02/2023,12.6,12.9,12.3,12.75,1003200
COOP.csv,COOP,06/03/2023,12.7,12.9,12.3,12.5,7161500
COOP.csv,COOP,13/03/2023,12.5,12.6,11.95,12.35,2650300
COOP.csv,COOP,20/03/2023,12.3,12.85,12.2,12.7,2102600
COOP.csv,COOP,27/03/2023,12.7,13.4,12.5,13.35,2058100
COOP.csv,COOP,03/04/2023,13.35,13.35,13,13,1776400
COOP.csv,COOP,11/04/2023,13,13.65,12.95,13,3422400
COOP.csv,COOP,17/04/2023,13,13.5,12.9,13,1216500
COOP.csv,COOP,24/04/2023,13.05,14,13,13.3,1634600
COOP.csv,COOP,02/05/2023,13.35,13.5,12.65,12.8,1432700
COOP.csv,COOP,08/05/2023,12.8,13.45,11.9,12,4690400
COOP.csv,COOP,15/05/2023,12.6,12.95,12.15,12.25,5685600
COOP.csv,COOP,22/05/2023,12.5,12.95,10.5,11.2,5397700
COOP.csv,COOP,29/05/2023,11.2,12.2,11.2,12,10555200
COOP.csv,COOP,05/06/2023,12,12.45,11.7,12.3,3746000
COOP.csv,COOP,12/06/2023,12.25,12.4,12,12.35,6748700
COOP.csv,COOP,19/06/2023,12.3,12.35,11.9,12.2,3165600
COOP.csv,COOP,26/06/2023,12.2,12.35,12,12.25,720700
COOP.csv,COOP,03/07/2023,12.3,12.3,12,12.25,839300
COOP.csv,COOP,10/07/2023,12.3,12.3,11.9,12.1,1180100
COOP.csv,COOP,17/07/2023,12.1,12.15,11.7,11.85,1136400
COOP.csv,COOP,24/07/2023,12,12.1,11.8,11.8,1019800
COOP.csv,COOP,31/07/2023,11.95,12.2,11.85,12.1,597000
COOP.csv,COOP,07/08/2023,12,12.3,11.85,11.95,1618400
COOP.csv,COOP,14/08/2023,12,12,11.05,11.45,2269900
COOP.csv,COOP,21/08/2023,11.6,11.65,11.3,11.55,1352400
COOP.csv,COOP,28/08/2023,11.65,12.4,11.2,11.75,675400
COOP.csv,COOP,04/09/2023,12.3,12.35,11.65,11.8,516000
COOP.csv,COOP,11/09/2023,11.85,12.1,11.6,12,388200
COOP.csv,COOP,18/09/2023,11.9,11.95,11.75,11.85,6594100
COOP.csv,COOP,25/09/2023,11.8,12.15,11.75,11.95,877400
COOP.csv,COOP,02/10/2023,11.9,11.95,11.5,11.7,10622200
COOP.csv,COOP,09/10/2023,12,12,11.3,11.6,2341100
COOP.csv,COOP,16/10/2023,11.6,11.9,11.5,11.5,5387500
COOP.csv,COOP,23/10/2023,11.6,12,11.5,11.75,753500
COOP.csv,COOP,30/10/2023,11.75,11.95,11.2,11.45,657800
COOP.csv,COOP,06/11/2023,11.7,11.7,10.1,10.7,3558700
COOP.csv,COOP,14/11/2023,11,11.6,10.7,11.2,2257400
COOP.csv,COOP,20/11/2023,12,12,11.3,11.4,1216000
COOP.csv,COOP,27/11/2023,11.5,12,11.3,11.5,466600
COOP.csv,COOP,04/12/2023,11.5,11.5,10.8,11.2,1384000
COOP.csv,COOP,11/12/2023,11.4,11.4,11,11.4,537200
COOP.csv,COOP,18/12/2023,11.6,12,10.8,11.25,2167100
COOP.csv,COOP,27/12/2023,11.25,11.4,11,11.4,225600
COOP.csv,COOP,02/01/2024,11.4,12,11.1,11.2,1088800
COOP.csv,COOP,08/01/2024,11.9,11.9,11.15,11.35,1538800
COOP.csv,COOP,15/01/2024,11.25,11.4,11.2,11.4,1201500
COOP.csv,COOP,22/01/2024,11.5,12.3,11.25,12,1057800
COOP.csv,COOP,29/01/2024,12.05,12.3,11.75,12,607000
COOP.csv,COOP,05/02/2024,12,13,11.85,13,1174700
COOP.csv,COOP,12/02/2024,12.5,12.5,11.95,12.2,960500
COOP.csv,COOP,19/02/2024,12.05,13,12,12.5,1735800
COOP.csv,COOP,26/02/2024,12.95,13.1,12.55,13.05,4884300
COOP.csv,COOP,04/03/2024,13.1,13.2,12.55,12.8,2085700
COOP.csv,COOP,11/03/2024,12.8,14.2,12.7,14.2,2239100
COOP.csv,COOP,18/03/2024,14,15.1,13.65,15.1,11615500
COOP.csv,COOP,25/03/2024,15,15.2,14,15.05,2954600
COOP.csv,COOP,02/04/2024,15,15.1,14.5,15,2111000
COOP.csv,COOP,08/04/2024,15,15,14,14,678400
COOP.csv,COOP,15/04/2024,14.2,14.2,13.4,13.95,1196100
COOP.csv,COOP,22/04/2024,13.55,14.5,13.55,14,6238400
COOP.csv,COOP,29/04/2024,14,14.2,11.5,12.35,1351300
COOP.csv,COOP,06/05/2024,12.35,12.5,11.9,12.2,5606900
COOP.csv,COOP,13/05/2024,12.3,13,12.05,12.5,5576800
COOP.csv,COOP,20/05/2024,13,13.5,12.5,13.35,3102700
COOP.csv,COOP,27/05/2024,13.45,14,13,13.7,5371800
COOP.csv,COOP,03/06/2024,13.75,13.95,13.3,13.7,12299900
COOP.csv,COOP,10/06/2024,13.8,13.85,13,13.4,1458400
COOP.csv,COOP,17/06/2024,13.4,13.5,12.5,13,7787700
COOP.csv,COOP,24/06/2024,13,13,12.5,12.8,1708100
COOP.csv,COOP,01/07/2024,12.9,13,12.45,12.6,6541300
COOP.csv,COOP,08/07/2024,12.65,13.6,12.5,12.95,11193500
COOP.csv,COOP,15/07/2024,12.95,13.4,12.8,12.95,5525600
COOP.csv,COOP,22/07/2024,12.95,13.15,12.5,12.85,4904600
COOP.csv,COOP,29/07/2024,12.9,13,12.5,12.7,3829900
COOP.csv,COOP,05/08/2024,12.9,12.9,12.25,12.8,8310900
COOP.csv,COOP,12/08/2024,12.6,13,12.4,13,977700
COOP.csv,COOP,19/08/2024,12.8,13.4,12.8,13.15,1913900
COOP.csv,COOP,26/08/2024,13.15,14.3,13,13.75,1526300
COOP.csv,COOP,02/09/2024,13.5,13.9,12.95,13,2579700
COOP.csv,COOP,09/09/2024,13.3,13.9,13,13.1,2546700
COOP.csv,COOP,16/09/2024,13.25,13.5,13,13.2,522000
COOP.csv,COOP,23/09/2024,13.2,13.6,13.05,13.5,1318300
COOP.csv,COOP,30/09/2024,13.9,14,13.1,13.5,584200
COOP.csv,COOP,07/10/2024,13.7,13.95,13.5,13.7,3404300
COOP.csv,COOP,14/10/2024,13.7,14,13.25,14,1818800
COOP.csv,COOP,22/10/2024,13.75,14,13.5,13.8,680500
COOP.csv,COOP,28/10/2024,13.75,14.2,13.75,14.1,1884800
COOP.csv,COOP,04/11/2024,14.15,14.5,14,14.3,3599500
COOP.csv,COOP,11/11/2024,14.3,14.9,14.15,14.5,876000
COOP.csv,COOP,18/11/2024,14.5,15.1,14,14,3690800
COOP.csv,COOP,25/11/2024,14.2,14.3,13.5,13.85,1263900
COOP.csv,COOP,02/12/2024,13.8,14.5,13.8,14.5,1624800
COOP.csv,COOP,09/12/2024,14.5,14.9,14,14.7,433600
COOP.csv,COOP,16/12/2024,14.45,15.95,14.45,15.2,3891700
COOP.csv,COOP,23/12/2024,15.05,16.15,15,16.05,921900
COOP.csv,COOP,30/12/2024,16.75,18,15.55,17.8,3292400
COOP.csv,COOP,06/01/2025,17.6,18,16.4,16.6,4137400
COOP.csv,COOP,13/01/2025,16.5,17.35,14.95,16,1073000
COOP.csv,COOP,20/01/2025,16.2,16.5,15.9,16.2,1616500
COOP.csv,COOP,27/01/2025,16.2,16.95,16.1,16.7,949900
COOP.csv,COOP,03/02/2025,16.7,16.7,15.9,16.2,5204300
COOP.csv,COOP,10/02/2025,16.2,16.7,15.8,16.5,1814400
COOP.csv,COOP,17/02/2025,16.3,17.35,16.15,17,1995200
COOP.csv,COOP,24/02/2025,16.9,17.3,16.5,16.8,2776900
COOP.csv,COOP,03/03/2025,16.9,18.35,16.55,16.75,5468500
COOP.csv,COOP,10/03/2025,16.75,16.85,15,16,11266000
COOP.csv,COOP,17/03/2025,15.9,17.8,15.8,16,3693200
COOP.csv,COOP,24/03/2025,16,16.4,15.8,15.95,1590400
COOP.csv,COOP,01/04/2025,16,16.45,16,16.2,2125500
COOP.csv,COOP,07/04/2025,16.2,16.2,15,15.85,1555900
COOP.csv,COOP,14/04/2025,15.8,16.15,15.8,16,835600
COOP.csv,COOP,22/04/2025,16,16.3,15.8,16,2228000
COOP.csv,COOP,28/04/2025,16,16,14,14.25,1933600
COOP.csv,COOP,05/05/2025,14.4,14.5,13.8,14.2,2392900
COOP.csv,COOP,12/05/2025,14.25,16.6,14,15,19202400
COOP.csv,COOP,19/05/2025,15.5,16.5,15.5,15.65,12584300
COOP.csv,COOP,26/05/2025,15.65,16.45,15,15.65,969500
COOP.csv,COOP,03/06/2025,15.65,15.85,15.3,15.6,1567200
COOP.csv,COOP,09/06/2025,15.5,17,15.4,16.55,4827600
COOP.csv,COOP,16/06/2025,16.6,16.7,16.05,16.6,5701100
COOP.csv,COOP,23/06/2025,16.7,18.4,16.55,17,5635700
COOP.csv,COOP,30/06/2025,17.6,18,16.85,17.45,2317200
COOP.csv,COOP,07/07/2025,17.4,17.5,17,17,1461000
COOP.csv,COOP,14/07/2025,17,17.25,16.5,16.8,5211100
COOP.csv,COOP,21/07/2025,16.8,17.1,16,16.75,2073800
COOP.csv,COOP,28/07/2025,16.65,17.3,16.4,16.55,1746800
COOP.csv,COOP,04/08/2025,16.95,17.25,16.4,17.1,2439846
COOP.csv,COOP,11/08/2025,17.15,17.5,16.8,17.25,2614104
COOP.csv,COOP,18/08/2025,17.3,17.5,17,17.4,3789891
COOP.csv,COOP,25/08/2025,17.35,18.2,17.3,17.95,3230272
COOP.csv,COOP,01/09/2025,18,20.5,17.55,20,25952039
COOP.csv,COOP,08/09/2025,19,21.8,19,19.85,18840349
COOP.csv,COOP,15/09/2025,19.8,21.5,17.85,19.1,2768540
COOP.csv,COOP,22/09/2025,19.5,22,17.85,20,6377647
COOP.csv,COOP,29/09/2025,21.15,22,20,20.65,1739931
COOP.csv,COOP,06/10/2025,20.9,21,19.9,19.9,3357191
COOP.csv,COOP,13/10/2025,20,20,19.05,20,1062801
COOP.csv,COOP,21/10/2025,20,20.9,19.6,20.5,4197048
COOP.csv,COOP,27/10/2025,20.5,21.5,20.5,21.5,1829057
COOP.csv,COOP,03/11/2025,21.1,23.1,21,23.05,3947221
COOP.csv,COOP,10/11/2025,23,25.2,22.5,24.45,10167577
COOP.csv,COOP,17/11/2025,24.5,25,23.65,23.9,9827998
COOP.csv,COOP,24/11/2025,23.9,24,21,21.95,3843414
COOP.csv,COOP,01/12/2025,21.95,24,21.5,22.9,5117737
COOP.csv,COOP,08/12/2025,22.8,24,21.5,21.9,2597911
COOP.csv,COOP,15/12/2025,21.9,23.9,21.8,23.45,4369577
COOP.csv,COOP,22/12/2025,23.45,24,23,23.8,2237092
COOP.csv,COOP,29/12/2025,23.8,24,22.9,23.9,3339705
COOP.csv,COOP,05/01/2026,24,26.5,23.4,26,2298312
COOP.csv,COOP,12/01/2026,26,27.95,25.5,26.7,4914500
COOP.csv,COOP,19/01/2026,26.8,27.5,26.7,27.45,3102847
COOP.csv,COOP,26/01/2026,27.45,29.25,26.8,27.45,2316900
COOP.csv,COOP,02/02/2026,27.8,28.9,27.3,28.35,2759380
COOP.csv,COOP,09/02/2026,28.9,30,28.35,29.7,19303521
COOP.csv,COOP,16/02/2026,29.9,30,28.65,28.9,8520803
COOP.csv,COOP,23/02/2026,28.6,30.85,28.6,29,11891097
COOP.csv,COOP,02/03/2026,29.5,31.5,28,30,3694795
COOP.csv,COOP,09/03/2026,30,30,29.5,30,1917112
COOP.csv,COOP,16/03/2026,30,30.45,29.35,29.9,2547632
COOP.csv,COOP,23/03/2026,29.85,30.6,25.9,28.55,6104626
COOP.csv,COOP,30/03/2026,28.55,29.5,26.55,28,2626940
COOP.csv,COOP,07/04/2026,28.75,31.4,28,31.35,3203177
COOP.csv,COOP,13/04/2026,30.5,34.3,30,31.8,3134607
COOP.csv,COOP,20/04/2026,31.8,33.45,30.85,32,6796773
COOP.csv,COOP,27/04/2026,32,32.95,31,31,1404463
COOP.csv,COOP,04/05/2026,30.95,30.95,29,29.45,3801618
COOP.csv,COOP,11/05/2026,29.4,34,29,31.8,4911258
COOP.csv,COOP,18/05/2026,31.8,32.9,30,32.2,3312590
COOP.csv,COOP,25/05/2026,32.2,32.35,31,31.6,2072296
COOP.csv,COOP,02/06/2026,31.6,32.2,31.45,32,2478162
COOP.csv,COOP,08/06/2026,31.8,32,31,31,790255
DTK.csv,DTK,10/02/2020,114.5,114.5,108,112,433000
DTK.csv,DTK,17/02/2020,112,113,108,112,222900
DTK.csv,DTK,24/02/2020,112,112,97,97,678600
DTK.csv,DTK,02/03/2020,102,105,99,102,234600
DTK.csv,DTK,09/03/2020,102,102,92.25,94,314400
DTK.csv,DTK,16/03/2020,96,96,89,89,78200
DTK.csv,DTK,23/03/2020,85,85,76.5,84,86700
DTK.csv,DTK,30/03/2020,80,88,80,88,37600
DTK.csv,DTK,06/04/2020,88,88,85,85.5,68000
DTK.csv,DTK,13/04/2020,85,86,80,85,103800
DTK.csv,DTK,20/04/2020,86,87.75,85,85,5100
DTK.csv,DTK,27/04/2020,86,90,80,83,48600
DTK.csv,DTK,04/05/2020,83,85,82,83,112000
DTK.csv,DTK,11/05/2020,83,83,76,77,28300
DTK.csv,DTK,18/05/2020,77.5,77.5,70,74,167200
DTK.csv,DTK,25/05/2020,74,74,68,71.75,1438300
DTK.csv,DTK,01/06/2020,71.75,72,68,69.75,86700
DTK.csv,DTK,08/06/2020,69.75,72.5,68,68,401500
DTK.csv,DTK,15/06/2020,68,75,67.75,69,485700
DTK.csv,DTK,22/06/2020,69,73.5,69,70,24700
DTK.csv,DTK,29/06/2020,70.5,72,68,70,345800
DTK.csv,DTK,06/07/2020,72,74,69.75,70,133100
DTK.csv,DTK,13/07/2020,69.5,69.5,68,69,35800
DTK.csv,DTK,20/07/2020,69,70,67,70,22400
DTK.csv,DTK,27/07/2020,68,69.25,65,65,21500
DTK.csv,DTK,03/08/2020,60.75,69,60.75,69,45900
DTK.csv,DTK,10/08/2020,69,69,66,67.5,8100
DTK.csv,DTK,17/08/2020,65,66,64,66,11400
DTK.csv,DTK,24/08/2020,67,74.25,65.5,66,40400
DTK.csv,DTK,31/08/2020,72.25,72.25,64.5,64.75,236000
DTK.csv,DTK,07/09/2020,64.75,65,64.75,65,46900
DTK.csv,DTK,14/09/2020,71.5,71.5,60,62,118500
DTK.csv,DTK,21/09/2020,63.25,68.5,60,60,343600
DTK.csv,DTK,28/09/2020,60,66,58.5,61,356100
DTK.csv,DTK,05/10/2020,65,65,61.5,63,32600
DTK.csv,DTK,12/10/2020,63,63.5,60.5,60.5,43300
DTK.csv,DTK,19/10/2020,62.5,63,61,63,16400
DTK.csv,DTK,26/10/2020,62.25,64,61,63,13600
DTK.csv,DTK,02/11/2020,62.25,63,59,60.5,242200
DTK.csv,DTK,09/11/2020,61.5,62,61.25,61.75,26500
DTK.csv,DTK,16/11/2020,62.5,64,60.25,64,92100
DTK.csv,DTK,23/11/2020,64,65,61,61.25,217900
DTK.csv,DTK,30/11/2020,61.5,66,61.5,63.5,56200
DTK.csv,DTK,07/12/2020,65,70,63.5,70,36000
DTK.csv,DTK,14/12/2020,67.5,70,67,67.25,128500
DTK.csv,DTK,21/12/2020,67.25,73.5,67.25,73.5,32400
DTK.csv,DTK,28/12/2020,73.5,75,73,75,12600
DTK.csv,DTK,04/01/2021,75,78.5,75,78,32600
DTK.csv,DTK,11/01/2021,77.5,78,77,77,118000
DTK.csv,DTK,18/01/2021,77.5,77.5,70,75,71600
DTK.csv,DTK,25/01/2021,76,76,72,76,462000
DTK.csv,DTK,01/02/2021,73.5,73.5,68,68,21900
DTK.csv,DTK,08/02/2021,70,70,65,69,85100
DTK.csv,DTK,15/02/2021,68.5,75,68,69,139400
DTK.csv,DTK,22/02/2021,77,77,69.25,69.25,11400
DTK.csv,DTK,01/03/2021,70,73.75,70,71.5,172400
DTK.csv,DTK,08/03/2021,74,76.75,72,75.5,77500
DTK.csv,DTK,15/03/2021,75,78,73,73,12500
DTK.csv,DTK,22/03/2021,73.5,73.5,63,66,152800
DTK.csv,DTK,29/03/2021,65.5,68,60,68,30900
DTK.csv,DTK,05/04/2021,68,68,65,65.25,49000
DTK.csv,DTK,12/04/2021,65.25,67.25,65,65,49600
DTK.csv,DTK,19/04/2021,65,69,62,69,76300
DTK.csv,DTK,26/04/2021,68.5,68.5,64.25,66.25,8200
DTK.csv,DTK,03/05/2021,66.25,66.25,64,64,139800
DTK.csv,DTK,10/05/2021,64,65,63,65,118600
DTK.csv,DTK,17/05/2021,64,65,63,64,26700
DTK.csv,DTK,24/05/2021,64,64,60,60,111100
DTK.csv,DTK,31/05/2021,60.5,66,58,60,1186000
DTK.csv,DTK,07/06/2021,60,62,58,59,891400
DTK.csv,DTK,14/06/2021,60,60.25,58.75,59,306700
DTK.csv,DTK,21/06/2021,59,60,57.5,60,112600
DTK.csv,DTK,28/06/2021,60,61,58,59,222600
DTK.csv,DTK,05/07/2021,59,60,57.75,59,1213700
DTK.csv,DTK,12/07/2021,60,67,58,66.25,5215200
DTK.csv,DTK,19/07/2021,66.25,69,64,65,3740900
DTK.csv,DTK,26/07/2021,65,66.25,64.25,64.25,90100
DTK.csv,DTK,02/08/2021,66,66.25,63.75,65.25,270200
DTK.csv,DTK,09/08/2021,66,66,64,64,105300
DTK.csv,DTK,16/08/2021,65,67.5,63.75,67.5,705600
DTK.csv,DTK,23/08/2021,65,67.5,65,65,174800
DTK.csv,DTK,30/08/2021,65,66.5,64.5,65,46300
DTK.csv,DTK,06/09/2021,66,66,64,64,135100
DTK.csv,DTK,13/09/2021,65,65,62,64.75,21400
DTK.csv,DTK,20/09/2021,64.25,64.25,62.75,63.75,21400
DTK.csv,DTK,27/09/2021,63.25,64,61,63.5,22400
DTK.csv,DTK,04/10/2021,63.5,63.75,60,62.25,276100
DTK.csv,DTK,11/10/2021,60.25,62.75,58.25,58.25,112600
DTK.csv,DTK,18/10/2021,59.25,59.75,55.25,59.75,84500
DTK.csv,DTK,25/10/2021,58.5,60,58,58.75,28000
DTK.csv,DTK,01/11/2021,58,58.75,55.5,57.75,261000
DTK.csv,DTK,08/11/2021,57.25,60,57,57.75,128100
DTK.csv,DTK,15/11/2021,57.75,57.75,56,57,122700
DTK.csv,DTK,22/11/2021,57,57.5,55,57,451600
DTK.csv,DTK,29/11/2021,58,58,54,56,92900
DTK.csv,DTK,06/12/2021,59,59,55.25,58,16000
DTK.csv,DTK,13/12/2021,56,58,55.75,57,132500
DTK.csv,DTK,20/12/2021,59,61,57,61,28900
DTK.csv,DTK,27/12/2021,59.75,61,59,59.5,18900
DTK.csv,DTK,03/01/2022,59.5,62,59,60,40900
DTK.csv,DTK,10/01/2022,60,60,58,59,31500
DTK.csv,DTK,17/01/2022,59,60,58,58,50400
DTK.csv,DTK,24/01/2022,58,59,57,59,57800
DTK.csv,DTK,31/01/2022,58.5,60,57,59,58100
DTK.csv,DTK,07/02/2022,59,60,58.25,58.25,257600
DTK.csv,DTK,14/02/2022,59,61,57,58.75,93100
DTK.csv,DTK,21/02/2022,59,60,56.5,56.5,70700
DTK.csv,DTK,28/02/2022,57,57.5,54.25,56.5,120100
DTK.csv,DTK,07/03/2022,55.5,56.5,55.5,55.75,10200
DTK.csv,DTK,14/03/2022,56,60,55,60,49000
DTK.csv,DTK,21/03/2022,60,60,56.75,57,200500
DTK.csv,DTK,28/03/2022,59.75,59.75,55.5,58.75,16300
DTK.csv,DTK,04/04/2022,58,58,55.5,57,55900
DTK.csv,DTK,11/04/2022,55.5,57.75,55.5,57,8300
DTK.csv,DTK,19/04/2022,56,57,56,57,10800
DTK.csv,DTK,25/04/2022,56,56,55,56,34200
DTK.csv,DTK,04/05/2022,55,57,53.75,55,11500
DTK.csv,DTK,09/05/2022,55,56.75,51.25,56,19900
DTK.csv,DTK,16/05/2022,52,56.75,48.5,48.5,140400
DTK.csv,DTK,23/05/2022,48.5,52,48.5,50,141300
DTK.csv,DTK,30/05/2022,50,55,50,55,35100
DTK.csv,DTK,06/06/2022,53.5,53.5,49.599998,51,275500
DTK.csv,DTK,13/06/2022,50.5,52,50,52,15900
DTK.csv,DTK,20/06/2022,50,53,50,50,40000
DTK.csv,DTK,27/06/2022,50.25,52,49,50,1312300
DTK.csv,DTK,04/07/2022,49.5,52,48,50.5,40900
DTK.csv,DTK,12/07/2022,50,50,49.5,50,35500
DTK.csv,DTK,18/07/2022,50,50,49,49,70800
DTK.csv,DTK,25/07/2022,49.950001,49.950001,48.5,49,51900
DTK.csv,DTK,01/08/2022,49,49.049999,48.599998,49.049999,255200
DTK.csv,DTK,08/08/2022,49.049999,51,48.950001,51,193900
DTK.csv,DTK,15/08/2022,51,51,50,51,137700
DTK.csv,DTK,22/08/2022,51,51.5,49.5,51.5,124100
DTK.csv,DTK,29/08/2022,52,52,49,50,214100
DTK.csv,DTK,05/09/2022,52,53,50,53,325000
DTK.csv,DTK,12/09/2022,50.5,53,50,50,172300
DTK.csv,DTK,19/09/2022,51,53,49.5,49.5,50200
DTK.csv,DTK,26/09/2022,49.799999,53,49.5,50,165600
DTK.csv,DTK,03/10/2022,50,50,48.5,48.5,248800
DTK.csv,DTK,11/10/2022,48.5,49.299999,48.5,48.549999,141900
DTK.csv,DTK,17/10/2022,49,49,48,49,148900
DTK.csv,DTK,24/10/2022,48.5,49,46.049999,48.5,109100
DTK.csv,DTK,31/10/2022,48.150002,48.5,47.5,48,28300
DTK.csv,DTK,07/11/2022,49,49.5,48,48,32800
DTK.csv,DTK,14/11/2022,47.549999,49,46.099998,49,101200
DTK.csv,DTK,21/11/2022,48.5,48.5,45,48,33300
DTK.csv,DTK,28/11/2022,46.5,49,46.5,48.5,2233200
DTK.csv,DTK,05/12/2022,48,48.6,48,48.5,1262100
DTK.csv,DTK,13/12/2022,48.5,48.75,48.5,48.5,470000
DTK.csv,DTK,19/12/2022,48.55,49,48.55,49,36500
DTK.csv,DTK,27/12/2022,49.1,50.5,49,50.5,87700
DTK.csv,DTK,03/01/2023,50,52.5,48.6,52,19900
DTK.csv,DTK,09/01/2023,52.5,55.5,52.5,53,41200
DTK.csv,DTK,16/01/2023,55,55,51,51,133400
DTK.csv,DTK,23/01/2023,50.75,54.75,50,51.75,110100
DTK.csv,DTK,30/01/2023,51.25,51.5,49,49.05,467900
DTK.csv,DTK,06/02/2023,50,50,49.05,50,487100
DTK.csv,DTK,13/02/2023,49.05,52.75,49.05,50,228900
DTK.csv,DTK,20/02/2023,50,50,48.1,48.1,65800
DTK.csv,DTK,27/02/2023,49.95,50,49.55,50,884700
DTK.csv,DTK,06/03/2023,49.55,50,48.05,50,266600
DTK.csv,DTK,13/03/2023,50.25,50.25,48.05,48.05,38500
DTK.csv,DTK,20/03/2023,48.1,48.1,43.75,47.75,32000
DTK.csv,DTK,27/03/2023,46.5,53.75,46,53.5,120000
DTK.csv,DTK,03/04/2023,53.5,54.75,52,53,12600
DTK.csv,DTK,11/04/2023,52.5,53,51,53,29600
DTK.csv,DTK,17/04/2023,53,54.5,52,53,54500
DTK.csv,DTK,24/04/2023,53.5,55,53,54.5,214300
DTK.csv,DTK,02/05/2023,54.5,54.5,49.5,54,77600
DTK.csv,DTK,08/05/2023,54,54,50.5,52,104700
DTK.csv,DTK,15/05/2023,50.5,50.5,44,46,18600
DTK.csv,DTK,22/05/2023,46,46,44.05,45,92200
DTK.csv,DTK,29/05/2023,44.75,46,44.5,45,340400
DTK.csv,DTK,05/06/2023,46,49,45.05,48,46300
DTK.csv,DTK,12/06/2023,48,49.5,45,49,123500
DTK.csv,DTK,19/06/2023,49,50,48,49.5,100900
DTK.csv,DTK,26/06/2023,49.55,50,48.5,49.85,258600
DTK.csv,DTK,03/07/2023,49.8,50,48,50,546800
DTK.csv,DTK,10/07/2023,48.5,49,46.2,48,130800
DTK.csv,DTK,17/07/2023,48,48.05,47.5,47.55,250400
DTK.csv,DTK,24/07/2023,49,49,46,46,318700
DTK.csv,DTK,31/07/2023,47.75,49,47.5,49,204800
DTK.csv,DTK,07/08/2023,48,48,46.5,47.5,372100
DTK.csv,DTK,14/08/2023,47.25,49,46.5,47.05,144200
DTK.csv,DTK,21/08/2023,49.7,49.7,47,48.05,77000
DTK.csv,DTK,28/08/2023,48,51.25,46.2,47.2,101400
DTK.csv,DTK,04/09/2023,47.2,50,46.95,49,70400
DTK.csv,DTK,11/09/2023,49,50,48,49,60000
DTK.csv,DTK,18/09/2023,49.5,54,48,48,38700
DTK.csv,DTK,25/09/2023,48.25,50,47.05,50,809700
DTK.csv,DTK,02/10/2023,50,50,45.15,48.75,20500
DTK.csv,DTK,09/10/2023,48,48,46,47.55,17500
DTK.csv,DTK,16/10/2023,47.55,48.5,46,46.75,16900
DTK.csv,DTK,23/10/2023,46,47.5,44.9,44.9,132200
DTK.csv,DTK,30/10/2023,45,45.35,44,45,21800
DTK.csv,DTK,06/11/2023,44.05,45,44,44,24200
DTK.csv,DTK,14/11/2023,44,46,43.05,45,6500
DTK.csv,DTK,20/11/2023,46,46,45,45.95,15200
DTK.csv,DTK,27/11/2023,45,46,44.1,46,61700
DTK.csv,DTK,04/12/2023,45,46,45,46,7700
DTK.csv,DTK,11/12/2023,46,47,46,47,4000
DTK.csv,DTK,18/12/2023,46.5,46.5,45,46.5,16200
DTK.csv,DTK,27/12/2023,46,46.5,45.05,45.05,15000
DTK.csv,DTK,02/01/2024,45.05,46.5,44.6,46.5,6400
DTK.csv,DTK,08/01/2024,46.5,46.5,44.5,44.75,87500
DTK.csv,DTK,15/01/2024,44.35,45,44.35,44.75,38200
DTK.csv,DTK,22/01/2024,44.75,44.75,44,44.75,93500
DTK.csv,DTK,29/01/2024,44.6,49.9,44.6,48.95,17300
DTK.csv,DTK,05/02/2024,47,48.8,46,48,352300
DTK.csv,DTK,12/02/2024,48,48.9,45,45.7,179500
DTK.csv,DTK,19/02/2024,45.5,49,45,47,85600
DTK.csv,DTK,26/02/2024,47,48.95,46,48.75,13400
DTK.csv,DTK,04/03/2024,48.8,48.8,46.3,47.8,33900
DTK.csv,DTK,11/03/2024,47.75,49.3,46.5,49.3,301200
DTK.csv,DTK,18/03/2024,49.3,51.75,49.25,51.75,247900
DTK.csv,DTK,25/03/2024,51,56,50,54,276100
DTK.csv,DTK,02/04/2024,53.5,54.75,53,53.75,130200
DTK.csv,DTK,08/04/2024,53,54,50,50,179800
DTK.csv,DTK,15/04/2024,52,52,49.7,49.85,385900
DTK.csv,DTK,22/04/2024,51,51,49.5,50,179000
DTK.csv,DTK,29/04/2024,50,50,49.8,50,208300
DTK.csv,DTK,06/05/2024,50,50,49.8,50,311500
DTK.csv,DTK,13/05/2024,49.95,50,49.9,50,675100
DTK.csv,DTK,20/05/2024,50,51,49.9,50,1051200
DTK.csv,DTK,27/05/2024,46.45,47,45,46.55,211500
DTK.csv,DTK,03/06/2024,46.55,48,46,47.25,441900
DTK.csv,DTK,10/06/2024,47.25,48,45.05,46.05,417400
DTK.csv,DTK,17/06/2024,46.4,46.9,46,46,242800
DTK.csv,DTK,24/06/2024,46.45,46.5,46,46.5,166900
DTK.csv,DTK,01/07/2024,46.5,46.5,46,46.4,345800
DTK.csv,DTK,08/07/2024,46.5,46.5,46,46.4,87100
DTK.csv,DTK,15/07/2024,46.45,46.5,46,46.5,154200
DTK.csv,DTK,22/07/2024,46.5,46.5,46,46.45,141900
DTK.csv,DTK,29/07/2024,46.5,46.5,45.5,45.8,50400
DTK.csv,DTK,05/08/2024,45.95,45.95,43.1,45,134400
DTK.csv,DTK,12/08/2024,45,46,44.05,46,225800
DTK.csv,DTK,19/08/2024,46,46,45,45.5,113800
DTK.csv,DTK,26/08/2024,45.45,46,45,45.5,181600
DTK.csv,DTK,02/09/2024,45.25,46,44.5,45.5,428700
DTK.csv,DTK,09/09/2024,46,46,45,46,492400
DTK.csv,DTK,16/09/2024,46,49.55,46,46.5,144700
DTK.csv,DTK,23/09/2024,48,50,47.5,49.1,141000
DTK.csv,DTK,30/09/2024,50.25,50.25,48.5,50,52000
DTK.csv,DTK,07/10/2024,50,52,49.5,51.5,152300
DTK.csv,DTK,14/10/2024,51.5,52,49.5,51.5,826400
DTK.csv,DTK,22/10/2024,51.5,54,51.5,53.75,266700
DTK.csv,DTK,28/10/2024,53.5,53.75,52,53,328400
DTK.csv,DTK,04/11/2024,53.5,53.5,51.75,51.75,274000
DTK.csv,DTK,11/11/2024,52.25,52.5,51.25,52.25,161400
DTK.csv,DTK,18/11/2024,52,53.25,51.25,52.5,136600
DTK.csv,DTK,25/11/2024,52.5,54.75,52.5,54,233500
DTK.csv,DTK,02/12/2024,54.75,61,54,55,567200
DTK.csv,DTK,09/12/2024,59,60,56,58,92800
DTK.csv,DTK,16/12/2024,58,65,57,63,422800
DTK.csv,DTK,23/12/2024,64.5,68.75,63.25,68,56000
DTK.csv,DTK,30/12/2024,69,75,65,67.25,547900
DTK.csv,DTK,06/01/2025,68,70.5,67,69.5,526700
DTK.csv,DTK,13/01/2025,69.5,70,61.5,68,251700
DTK.csv,DTK,20/01/2025,68,70.5,68,69.75,332500
DTK.csv,DTK,27/01/2025,70,70.5,69,69.5,584800
DTK.csv,DTK,03/02/2025,71,71,66.25,70,283000
DTK.csv,DTK,10/02/2025,70.5,75.5,70,74,220600
DTK.csv,DTK,17/02/2025,75,85,74,79,129400
DTK.csv,DTK,24/02/2025,78,80,75,79,430900
DTK.csv,DTK,03/03/2025,78,83.5,76,82,556600
DTK.csv,DTK,10/03/2025,82,82,78,78,349200
DTK.csv,DTK,17/03/2025,79,82,79,79.75,380400
DTK.csv,DTK,24/03/2025,80.5,80.75,70.25,77,239200
DTK.csv,DTK,01/04/2025,75,78.5,72,74,234600
DTK.csv,DTK,07/04/2025,74,75,67,71,604900
DTK.csv,DTK,14/04/2025,70,79,70,72,85400
DTK.csv,DTK,22/04/2025,79.5,80,72.5,76.5,29600
DTK.csv,DTK,28/04/2025,74.75,77,70,74,34400
DTK.csv,DTK,05/05/2025,72.5,72.5,68.5,71.5,198500
DTK.csv,DTK,12/05/2025,71.5,76.5,70.5,76.5,139700
DTK.csv,DTK,19/05/2025,79,79,74,76.5,184200
DTK.csv,DTK,26/05/2025,72.75,74.5,66,72,807300
DTK.csv,DTK,03/06/2025,73,75,70,72.25,335400
DTK.csv,DTK,09/06/2025,74,75,71.25,73,533300
DTK.csv,DTK,16/06/2025,74.75,75,70,74,295100
DTK.csv,DTK,23/06/2025,74,76,73.25,75.25,227800
DTK.csv,DTK,30/06/2025,75,81,75,77.25,547200
DTK.csv,DTK,07/07/2025,80,80,77,79,134800
DTK.csv,DTK,14/07/2025,79.5,80,78,78,208000
DTK.csv,DTK,21/07/2025,78,80,75,80,158400
DTK.csv,DTK,28/07/2025,80,85,75,76,109800
DTK.csv,DTK,04/08/2025,77,80,76,79.5,141742
DTK.csv,DTK,11/08/2025,79.5,85,78.5,84,212873
DTK.csv,DTK,18/08/2025,82,90,81.5,87.5,395244
DTK.csv,DTK,25/08/2025,88.75,91.5,87,89,336744
DTK.csv,DTK,01/09/2025,90,109.25,89,105,2576233
DTK.csv,DTK,08/09/2025,105,108.5,102.5,104,764154
DTK.csv,DTK,15/09/2025,105,107,102.5,104.75,351719
DTK.csv,DTK,22/09/2025,105,105,103,104.5,1322207
DTK.csv,DTK,29/09/2025,104.5,105,103,104,234665
DTK.csv,DTK,06/10/2025,105,105,103,104,217757
DTK.csv,DTK,13/10/2025,105,105,95.5,104,202662
DTK.csv,DTK,21/10/2025,104,105,100,104,125284
DTK.csv,DTK,27/10/2025,105,106,103.25,105,780726
DTK.csv,DTK,03/11/2025,105.5,118,105.5,115.25,167404
DTK.csv,DTK,10/11/2025,115.25,118,110.5,116,133912
DTK.csv,DTK,17/11/2025,115,118,114.25,116,532689
DTK.csv,DTK,24/11/2025,116,116,109.25,112.75,448999
DTK.csv,DTK,01/12/2025,113,115,105,111.75,251366
DTK.csv,DTK,08/12/2025,110,115,105.25,115,221124
DTK.csv,DTK,15/12/2025,112.5,115,111,115,157671
DTK.csv,DTK,22/12/2025,114,115,113.75,114,40468
DTK.csv,DTK,29/12/2025,114,115,112.5,115,49439
DTK.csv,DTK,05/01/2026,115,119,113.75,117,90780
DTK.csv,DTK,12/01/2026,117,119,116.5,118,548148
DTK.csv,DTK,19/01/2026,118.5,119,116.5,118,163200
DTK.csv,DTK,26/01/2026,118,130,117,129.5,982673
DTK.csv,DTK,02/02/2026,129.5,140,129,135,779711
DTK.csv,DTK,09/02/2026,136,165,134,163,977482
DTK.csv,DTK,16/02/2026,163,170,148,153.75,532112
DTK.csv,DTK,23/02/2026,153,159,152,158.75,366494
DTK.csv,DTK,02/03/2026,158.75,158.75,154,156,325648
DTK.csv,DTK,09/03/2026,156,157.75,154.25,157,949872
DTK.csv,DTK,16/03/2026,157.75,157.75,155,155,368675
DTK.csv,DTK,23/03/2026,155,155.25,145,145.5,592375
DTK.csv,DTK,30/03/2026,145.5,148,144.5,147.75,363591
DTK.csv,DTK,07/04/2026,147.75,159.75,147.5,152,289387
DTK.csv,DTK,13/04/2026,151,156,148,148,255292
DTK.csv,DTK,20/04/2026,148,152,148,152,194008
DTK.csv,DTK,27/04/2026,150,152,146,147.25,105026
DTK.csv,DTK,04/05/2026,147.5,150,145,148,183558
DTK.csv,DTK,11/05/2026,148,160,146,150,137656
DTK.csv,DTK,18/05/2026,150,160,148.25,148.75,158827
DTK.csv,DTK,25/05/2026,148.75,152,138,149,258769
DTK.csv,DTK,02/06/2026,151,151,141,144.75,555099
DTK.csv,DTK,08/06/2026,144.75,145,141.75,142.5,137731
EQTY.csv,EQTY,14/09/2020,36.900002,37.049999,36,36,7823300
EQTY.csv,EQTY,21/09/2020,36,37,35.450001,36.099998,35692600
EQTY.csv,EQTY,28/09/2020,36.75,38.099998,35,35.099998,3545700
EQTY.csv,EQTY,05/10/2020,36.299999,36.299999,34,35.25,7690900
EQTY.csv,EQTY,12/10/2020,35.950001,35.950001,34,34.450001,3618600
EQTY.csv,EQTY,19/10/2020,35.5,35.5,34,34.5,3756200
EQTY.csv,EQTY,26/10/2020,34.5,34.5,33.599998,33.599998,6546300
EQTY.csv,EQTY,02/11/2020,33.799999,35.450001,32.650002,34,11435600
EQTY.csv,EQTY,09/11/2020,35.400002,37.25,34,37.049999,7600100
EQTY.csv,EQTY,16/11/2020,37,37.099998,34.5,35,12111800
EQTY.csv,EQTY,23/11/2020,35.700001,36.650002,34,34.049999,14324100
EQTY.csv,EQTY,30/11/2020,34.950001,35.700001,34.400002,35,28320500
EQTY.csv,EQTY,07/12/2020,35.450001,35.450001,34.5,34.950001,20971200
EQTY.csv,EQTY,14/12/2020,34.950001,35,33.799999,35,11509200
EQTY.csv,EQTY,21/12/2020,34.75,35.200001,34.049999,35.200001,7371300
EQTY.csv,EQTY,28/12/2020,35.299999,37,34.75,36.5,854600
EQTY.csv,EQTY,04/01/2021,36.5,36.5,35.549999,36.450001,8965800
EQTY.csv,EQTY,11/01/2021,36.450001,37.5,36,36.75,12806500
EQTY.csv,EQTY,18/01/2021,37,37.599998,36.049999,37.25,12380800
EQTY.csv,EQTY,25/01/2021,37.25,37.25,36.299999,36.599998,18857700
EQTY.csv,EQTY,01/02/2021,36.950001,37.400002,36.75,37,11679900
EQTY.csv,EQTY,08/02/2021,37.450001,38,37,38,3915000
EQTY.csv,EQTY,15/02/2021,38,39.700001,37.950001,38.400002,7045600
EQTY.csv,EQTY,22/02/2021,38.200001,38.549999,37.5,37.799999,5727400
EQTY.csv,EQTY,01/03/2021,37.900002,38.200001,37.5,38.049999,4213200
EQTY.csv,EQTY,08/03/2021,38.200001,40.5,37.849998,39.650002,8983700
EQTY.csv,EQTY,15/03/2021,40,42.349998,38.849998,38.849998,6041800
EQTY.csv,EQTY,22/03/2021,41.75,42,40,41,9953700
EQTY.csv,EQTY,29/03/2021,38.75,39.799999,37,39.049999,11970700
EQTY.csv,EQTY,05/04/2021,39.5,39.5,37,37.950001,882000
EQTY.csv,EQTY,12/04/2021,37.5,39,37.299999,38.950001,3605800
EQTY.csv,EQTY,19/04/2021,38.950001,39.900002,37.799999,39.049999,13256600
EQTY.csv,EQTY,26/04/2021,39.049999,40,38.599998,39.099998,3387400
EQTY.csv,EQTY,03/05/2021,39.5,40.849998,39.049999,40.700001,6525300
EQTY.csv,EQTY,10/05/2021,40.700001,41.849998,40,40.849998,20127700
EQTY.csv,EQTY,17/05/2021,40.849998,42,40.049999,41.5,4611500
EQTY.csv,EQTY,24/05/2021,41.549999,44,41.5,42.900002,14418600
EQTY.csv,EQTY,31/05/2021,43,43,42,43,12850300
EQTY.csv,EQTY,07/06/2021,42.5,44.400002,42.5,44,11665400
EQTY.csv,EQTY,14/06/2021,44,45.200001,43.5,45.099998,9768100
EQTY.csv,EQTY,21/06/2021,44.75,47,43.75,46.549999,11634500
EQTY.csv,EQTY,28/06/2021,46.150002,47,44,46.099998,8090100
EQTY.csv,EQTY,05/07/2021,46.799999,49.450001,46.150002,49,8782700
EQTY.csv,EQTY,12/07/2021,49,49.400002,47.700001,48.5,4544100
EQTY.csv,EQTY,19/07/2021,48.549999,48.599998,47.599998,47.950001,4060800
EQTY.csv,EQTY,26/07/2021,47.950001,49.099998,47.5,48.950001,2863800
EQTY.csv,EQTY,02/08/2021,49,50.75,48.799999,49.049999,1791500
EQTY.csv,EQTY,09/08/2021,50.75,51.5,49.5,51.25,4524600
EQTY.csv,EQTY,16/08/2021,51,54.25,51,53,8504400
EQTY.csv,EQTY,23/08/2021,53,54.5,52.5,54,10548900
EQTY.csv,EQTY,30/08/2021,53.5,55,49.099998,49.75,7807800
EQTY.csv,EQTY,06/09/2021,50,51.5,48.599998,51,8809500
EQTY.csv,EQTY,13/09/2021,52,54,50,53.25,7030800
EQTY.csv,EQTY,20/09/2021,53.75,53.75,50,51,9090000
EQTY.csv,EQTY,27/09/2021,51.5,51.5,50,50.5,2790500
EQTY.csv,EQTY,04/10/2021,50,51,49,50,1540400
EQTY.csv,EQTY,11/10/2021,50,50,49,49.549999,7225000
EQTY.csv,EQTY,18/10/2021,49,50.5,49,49.599998,11830100
EQTY.csv,EQTY,25/10/2021,49.799999,50.5,49.299999,49.700001,3122600
EQTY.csv,EQTY,01/11/2021,49.5,52,49.5,50,8361900
EQTY.csv,EQTY,08/11/2021,50.5,53.75,50,52.5,14923700
EQTY.csv,EQTY,15/11/2021,52.5,52.5,51.5,52,5298200
EQTY.csv,EQTY,22/11/2021,52,52,50.5,51.25,12124500
EQTY.csv,EQTY,29/11/2021,51.25,51.25,46.25,46.5,13940000
EQTY.csv,EQTY,06/12/2021,47,48.349998,44.150002,47.549999,12149700
EQTY.csv,EQTY,13/12/2021,48,50,47.5,49,1703700
EQTY.csv,EQTY,20/12/2021,49,50,48,49,2634700
EQTY.csv,EQTY,27/12/2021,49.049999,54,49,54,519400
EQTY.csv,EQTY,03/01/2022,52,54.5,51,53,8451100
EQTY.csv,EQTY,10/01/2022,53,53.25,49,49.549999,1607800
EQTY.csv,EQTY,17/01/2022,50,51.75,49.150002,51.25,4373600
EQTY.csv,EQTY,24/01/2022,51.5,52.5,49.650002,50.5,7752700
EQTY.csv,EQTY,31/01/2022,50.5,53.5,50,52.75,8656000
EQTY.csv,EQTY,07/02/2022,53,54,52,54,11369200
EQTY.csv,EQTY,14/02/2022,53.25,53.5,52,52.5,5882200
EQTY.csv,EQTY,21/02/2022,53,53,51,51.5,2913200
EQTY.csv,EQTY,28/02/2022,51.5,53,49.549999,51,5026200
EQTY.csv,EQTY,07/03/2022,51,52,49.599998,51,5696800
EQTY.csv,EQTY,14/03/2022,50.5,53.5,50.5,51.75,1549900
EQTY.csv,EQTY,21/03/2022,51.75,52.25,49.75,52,5363000
EQTY.csv,EQTY,28/03/2022,51.75,52,49,50,1774200
EQTY.csv,EQTY,04/04/2022,51,51,49,49.75,4609100
EQTY.csv,EQTY,11/04/2022,50,51,49.299999,50,2111000
EQTY.csv,EQTY,19/04/2022,50,50,49.299999,50,6351100
EQTY.csv,EQTY,25/04/2022,50,50,47,48,5863000
EQTY.csv,EQTY,04/05/2022,48.5,48.5,45.049999,46.5,2283000
EQTY.csv,EQTY,09/05/2022,46.5,47,44.5,45.5,8307200
EQTY.csv,EQTY,16/05/2022,45.049999,47,44,44.5,2578600
EQTY.csv,EQTY,23/05/2022,44,45,40.25,44.150002,7816200
EQTY.csv,EQTY,30/05/2022,44.900002,47,44.900002,45.450001,15321600
EQTY.csv,EQTY,06/06/2022,46,46,43,43,8249600
EQTY.csv,EQTY,13/06/2022,43,44,39.549999,39.950001,2246200
EQTY.csv,EQTY,20/06/2022,41,41,38.75,39.099998,8738400
EQTY.csv,EQTY,27/06/2022,39.299999,43.799999,38.900002,43.200001,12146800
EQTY.csv,EQTY,04/07/2022,43.700001,46.5,43,46.5,10560000
EQTY.csv,EQTY,12/07/2022,46,47,44,44,2011200
EQTY.csv,EQTY,18/07/2022,44.5,45.849998,43.900002,45,11981100
EQTY.csv,EQTY,25/07/2022,45,48.299999,45,48,13447500
EQTY.csv,EQTY,01/08/2022,48.150002,49.5,47.400002,48.75,6545100
EQTY.csv,EQTY,08/08/2022,49,53.5,49,51.75,3697900
EQTY.csv,EQTY,15/08/2022,50,53,47.5,48.5,1726700
EQTY.csv,EQTY,22/08/2022,48.5,51,47.849998,50,2473700
EQTY.csv,EQTY,29/08/2022,50,50,47.799999,48.150002,6756100
EQTY.csv,EQTY,05/09/2022,50,52.75,47.950001,48.5,3237900
EQTY.csv,EQTY,12/09/2022,50,50,46,47,5762700
EQTY.csv,EQTY,19/09/2022,48.900002,50,46,47,4394800
EQTY.csv,EQTY,26/09/2022,47,48,46,46.200001,1522000
EQTY.csv,EQTY,03/10/2022,46.400002,48.5,44,44,4078500
EQTY.csv,EQTY,11/10/2022,44.5,46,43.75,45,3515900
EQTY.csv,EQTY,17/10/2022,45,46,43.950001,45,410000
EQTY.csv,EQTY,24/10/2022,46,47.5,45.900002,47,17663200
EQTY.csv,EQTY,31/10/2022,46.799999,46.799999,44,46,3590000
EQTY.csv,EQTY,07/11/2022,46,46,44,45.049999,1786100
EQTY.csv,EQTY,14/11/2022,46,47,45,47,1298200
EQTY.csv,EQTY,21/11/2022,45.5,46.799999,45,46.799999,12460300
EQTY.csv,EQTY,28/11/2022,45.950001,47,44.9,45.4,4703100
EQTY.csv,EQTY,05/12/2022,45.4,46.8,44.5,45,1065900
EQTY.csv,EQTY,13/12/2022,46,47,45,46,4537700
EQTY.csv,EQTY,19/12/2022,46,46.2,45,45.25,11669000
EQTY.csv,EQTY,27/12/2022,46.2,46.2,42.25,44.9,7186800
EQTY.csv,EQTY,03/01/2023,45.3,46,44.5,45.4,9265700
EQTY.csv,EQTY,09/01/2023,45.45,49,45.4,46.5,5825800
EQTY.csv,EQTY,16/01/2023,46.5,47,45.6,45.9,9691500
EQTY.csv,EQTY,23/01/2023,45.9,46,45.4,45.5,4800100
EQTY.csv,EQTY,30/01/2023,45.5,46.5,42.75,45.75,2059200
EQTY.csv,EQTY,06/02/2023,46,46.45,44.5,45.5,4272700
EQTY.csv,EQTY,13/02/2023,45.75,47,45.4,46.35,5468900
EQTY.csv,EQTY,20/02/2023,47,47,45.65,46,1551000
EQTY.csv,EQTY,27/02/2023,45.9,46,45,45,1984600
EQTY.csv,EQTY,06/03/2023,45.5,45.5,42.5,43,1656400
EQTY.csv,EQTY,13/03/2023,44,44,37.5,38,2831000
EQTY.csv,EQTY,20/03/2023,39,40.2,37.5,38.7,15392700
EQTY.csv,EQTY,27/03/2023,41.65,46.5,40.05,45,10957500
EQTY.csv,EQTY,03/04/2023,46,47,44.25,45.5,2373600
EQTY.csv,EQTY,11/04/2023,45.85,45.85,44.3,44.5,9553200
EQTY.csv,EQTY,17/04/2023,44.5,46.25,44.5,46.25,1296100
EQTY.csv,EQTY,24/04/2023,45.15,47,45.1,45.8,2422300
EQTY.csv,EQTY,02/05/2023,46,46.35,45.05,45.5,1621300
EQTY.csv,EQTY,08/05/2023,45.5,45.5,40,41.5,234400
EQTY.csv,EQTY,15/05/2023,40,41.5,37.6,39,6848300
EQTY.csv,EQTY,22/05/2023,36.95,37.85,35,36.8,5982100
EQTY.csv,EQTY,29/05/2023,36.8,39.9,36.5,38.4,1323400
EQTY.csv,EQTY,05/06/2023,38.5,39,36.8,37.6,2234600
EQTY.csv,EQTY,12/06/2023,37.9,38,36.95,37.1,10007000
EQTY.csv,EQTY,19/06/2023,38,38,37,37.45,2615700
EQTY.csv,EQTY,26/06/2023,37.5,39.9,37.45,38,2600400
EQTY.csv,EQTY,03/07/2023,38.25,40.5,38.25,40.35,7572300
EQTY.csv,EQTY,10/07/2023,40.5,43.5,40,43,5273400
EQTY.csv,EQTY,17/07/2023,43.45,44.8,43,44.5,8810900
EQTY.csv,EQTY,24/07/2023,44.8,45.5,39.5,40.5,3352700
EQTY.csv,EQTY,31/07/2023,42.25,42.25,40,41,1088900
EQTY.csv,EQTY,07/08/2023,41,42,40.5,41,16935300
EQTY.csv,EQTY,14/08/2023,40.85,42,39.1,40.6,3781700
EQTY.csv,EQTY,21/08/2023,40.05,40.05,38.85,39.55,3652400
EQTY.csv,EQTY,28/08/2023,39.6,40,38,38.5,3130400
EQTY.csv,EQTY,04/09/2023,38.5,39.5,37,37.25,2447700
EQTY.csv,EQTY,11/09/2023,38.5,38.85,37.05,37.2,6402200
EQTY.csv,EQTY,18/09/2023,38,38.95,36.8,36.9,6643000
EQTY.csv,EQTY,25/09/2023,37,37,35.4,35.4,1052300
EQTY.csv,EQTY,02/10/2023,36.5,37,35.4,36.5,1913400
EQTY.csv,EQTY,09/10/2023,36.95,36.95,36.05,36.5,4031100
EQTY.csv,EQTY,16/10/2023,36.6,38,36.5,37.05,2867000
EQTY.csv,EQTY,23/10/2023,37.25,39,37,38,4203100
EQTY.csv,EQTY,30/10/2023,37.95,39.95,37,37.95,2979500
EQTY.csv,EQTY,06/11/2023,37.1,40,37,39,2288400
EQTY.csv,EQTY,14/11/2023,38,40,37.05,37.8,1130500
EQTY.csv,EQTY,20/11/2023,38,40,37.5,37.5,758200
EQTY.csv,EQTY,27/11/2023,37.55,39,36.1,38,7577900
EQTY.csv,EQTY,04/12/2023,38,38.5,36.85,37.55,1476700
EQTY.csv,EQTY,11/12/2023,37.9,38,35.4,35.4,1212600
EQTY.csv,EQTY,18/12/2023,35.05,36,33.7,34,3417900
EQTY.csv,EQTY,27/12/2023,34,34.25,33.6,33.8,2284800
EQTY.csv,EQTY,02/01/2024,34,37,33.8,36,1890500
EQTY.csv,EQTY,08/01/2024,36,37,35.5,35.65,2371400
EQTY.csv,EQTY,15/01/2024,36,37,35,36.35,4350600
EQTY.csv,EQTY,22/01/2024,37,38,36,37.5,6273800
EQTY.csv,EQTY,29/01/2024,37.5,38.5,37,38.25,5763000
EQTY.csv,EQTY,05/02/2024,38,38.5,37,37.5,11004600
EQTY.csv,EQTY,12/02/2024,38,38.25,37.2,37.9,4153500
EQTY.csv,EQTY,19/02/2024,38,42,38,40.85,15375100
EQTY.csv,EQTY,26/02/2024,41,41,39.6,40,11980600
EQTY.csv,EQTY,04/03/2024,41,41,39.5,39.8,3579100
EQTY.csv,EQTY,11/03/2024,40,44,39.55,41.6,13104400
EQTY.csv,EQTY,18/03/2024,43,45.75,42,45.5,15065600
EQTY.csv,EQTY,25/03/2024,46,51,45.05,47.2,23043800
EQTY.csv,EQTY,02/04/2024,47,48.3,46,47,29291200
EQTY.csv,EQTY,08/04/2024,45.55,47.8,45.55,46.05,4640000
EQTY.csv,EQTY,15/04/2024,46.05,47,41.7,42,3514900
EQTY.csv,EQTY,22/04/2024,44,45,40.5,43,1991700
EQTY.csv,EQTY,29/04/2024,43.1,45,42.2,42.5,1288600
EQTY.csv,EQTY,06/05/2024,42.8,42.8,41.7,42.55,6834800
EQTY.csv,EQTY,13/05/2024,43,46.05,43,45,5362200
EQTY.csv,EQTY,20/05/2024,45,47.1,45,46.5,10818200
EQTY.csv,EQTY,27/05/2024,45,45,42.05,43.55,26036700
EQTY.csv,EQTY,03/06/2024,44,44,43,43.8,9575100
EQTY.csv,EQTY,10/06/2024,44,44.3,43,43.75,275700
EQTY.csv,EQTY,17/06/2024,43.1,43.85,43,43,5066900
EQTY.csv,EQTY,24/06/2024,43.5,43.5,42,42.25,738400
EQTY.csv,EQTY,01/07/2024,42.3,43.35,41,42,4419600
EQTY.csv,EQTY,08/07/2024,42.95,45,42.25,43,1936300
EQTY.csv,EQTY,15/07/2024,43.3,43.3,42.35,42.55,1349300
EQTY.csv,EQTY,22/07/2024,43.8,43.8,40.6,41.25,4771400
EQTY.csv,EQTY,29/07/2024,41.3,42.5,40,40.5,10208200
EQTY.csv,EQTY,05/08/2024,41,41,38.35,40.5,11573600
EQTY.csv,EQTY,12/08/2024,39.95,42.5,39.5,40.5,1957100
EQTY.csv,EQTY,19/08/2024,40,42,40,40.7,2841100
EQTY.csv,EQTY,26/08/2024,40.5,41.85,40,41.85,3358100
EQTY.csv,EQTY,02/09/2024,41,44,40.1,43.5,1493200
EQTY.csv,EQTY,09/09/2024,43,44.9,40.05,43.5,5211200
EQTY.csv,EQTY,16/09/2024,43.7,43.7,40.6,42.05,9751900
EQTY.csv,EQTY,23/09/2024,42,44,41.55,43.3,985900
EQTY.csv,EQTY,30/09/2024,43.5,46,42,44.5,3492900
EQTY.csv,EQTY,07/10/2024,44.75,48.5,44.5,47.6,1763100
EQTY.csv,EQTY,14/10/2024,47.5,50,45.65,48,1597600
EQTY.csv,EQTY,22/10/2024,47.5,48,45.5,47.5,269200
EQTY.csv,EQTY,28/10/2024,47,47.6,46.3,47.15,484500
EQTY.csv,EQTY,04/11/2024,47.55,48.5,47,48.1,3398200
EQTY.csv,EQTY,11/11/2024,48.45,51,48.05,50,1048500
EQTY.csv,EQTY,18/11/2024,48.5,49.9,45.1,45.85,3992900
EQTY.csv,EQTY,25/11/2024,45.5,46,44,45,17993300
EQTY.csv,EQTY,02/12/2024,45,46,44.55,45,13129600
EQTY.csv,EQTY,09/12/2024,44.8,48.75,44.8,47,1527500
EQTY.csv,EQTY,16/12/2024,48,48,45.05,45.9,3467400
EQTY.csv,EQTY,23/12/2024,46,48,45.5,48,2593000
EQTY.csv,EQTY,30/12/2024,48,49.9,46.2,48,1438600
EQTY.csv,EQTY,06/01/2025,48,48.25,47,48,7157400
EQTY.csv,EQTY,13/01/2025,47.5,50,47.5,48.2,3876300
EQTY.csv,EQTY,20/01/2025,48.5,49.8,48,48.6,1194300
EQTY.csv,EQTY,27/01/2025,49,49,46.05,46.05,2621900
EQTY.csv,EQTY,03/02/2025,48,49,47,48,8356800
EQTY.csv,EQTY,10/02/2025,47.5,48.5,46.95,46.95,4276400
EQTY.csv,EQTY,17/02/2025,50,50,46.6,47.5,5296500
EQTY.csv,EQTY,24/02/2025,47.8,49,47,49,1634600
EQTY.csv,EQTY,03/03/2025,48.7,49.95,48.25,49,6284500
EQTY.csv,EQTY,10/03/2025,48.55,48.6,47.1,47.5,3920100
EQTY.csv,EQTY,17/03/2025,47.35,47.8,46.1,46.5,7394400
EQTY.csv,EQTY,24/03/2025,46.5,48.4,46,47,3013300
EQTY.csv,EQTY,01/04/2025,48.4,49,46.55,46.8,859900
EQTY.csv,EQTY,07/04/2025,46.5,46.5,41.3,44.15,4795200
EQTY.csv,EQTY,14/04/2025,45,47,44,47,986600
EQTY.csv,EQTY,22/04/2025,45,49.05,44.5,45.5,28336300
EQTY.csv,EQTY,28/04/2025,45,48,44.5,46,3730200
EQTY.csv,EQTY,05/05/2025,46.4,48,46.05,47.25,6546800
EQTY.csv,EQTY,12/05/2025,46.8,48.95,46.8,48.6,7436800
EQTY.csv,EQTY,19/05/2025,48.9,49.4,48,48.25,6217200
EQTY.csv,EQTY,26/05/2025,44,44.5,42,43,4106000
EQTY.csv,EQTY,03/06/2025,43,46,41.2,44.9,4655100
EQTY.csv,EQTY,09/06/2025,44.9,46.5,42.85,46.05,10274600
EQTY.csv,EQTY,16/06/2025,46.4,47,45.2,46.15,3500100
EQTY.csv,EQTY,23/06/2025,46.45,49.1,46,49,2233300
EQTY.csv,EQTY,30/06/2025,49,52.5,48.3,51.5,12828800
EQTY.csv,EQTY,07/07/2025,50,51.75,49,49.5,5025000
EQTY.csv,EQTY,14/07/2025,49.5,50.5,48,49.65,12592000
EQTY.csv,EQTY,21/07/2025,49.65,50.75,49.5,50.5,1563100
EQTY.csv,EQTY,28/07/2025,50.75,51.5,48.65,50.5,3181300
EQTY.csv,EQTY,04/08/2025,50.25,53,49,52.25,5349962
EQTY.csv,EQTY,11/08/2025,52.5,55.5,50.5,54.75,11203833
EQTY.csv,EQTY,18/08/2025,55,57,52.75,55,6857397
EQTY.csv,EQTY,25/08/2025,55,57,54.75,55,4745270
EQTY.csv,EQTY,01/09/2025,55,56.5,54,55.5,10207224
EQTY.csv,EQTY,08/09/2025,55.75,56,54,54.5,5113330
EQTY.csv,EQTY,15/09/2025,55,55,53.25,54.5,31594095
EQTY.csv,EQTY,22/09/2025,54.5,58.75,53.75,57.5,4555138
EQTY.csv,EQTY,29/09/2025,57.5,59,57.25,59,2947018
EQTY.csv,EQTY,06/10/2025,59,59.75,58,59.75,1323226
EQTY.csv,EQTY,13/10/2025,59,60,58,59.5,2040817
EQTY.csv,EQTY,21/10/2025,59.25,60.75,58.75,59.5,10512657
EQTY.csv,EQTY,27/10/2025,60.25,68,58.5,66.25,6507648
EQTY.csv,EQTY,03/11/2025,68,71,66.25,69.75,10302824
EQTY.csv,EQTY,10/11/2025,69.75,70,63,63.25,2320788
EQTY.csv,EQTY,17/11/2025,64.25,65.5,63,63.5,8460803
EQTY.csv,EQTY,24/11/2025,63.75,64.25,61,63,3477482
EQTY.csv,EQTY,01/12/2025,62.75,64.75,60.25,61,4974282
EQTY.csv,EQTY,08/12/2025,61,64,59,60.25,27201738
EQTY.csv,EQTY,15/12/2025,61,64.75,60,63,35395160
EQTY.csv,EQTY,22/12/2025,63,67,63,65.75,4968991
EQTY.csv,EQTY,29/12/2025,67,69.25,65.5,67,1939424
EQTY.csv,EQTY,05/01/2026,68,70,67,69.25,9995619
EQTY.csv,EQTY,12/01/2026,69.75,69.75,68,69.25,3531006
EQTY.csv,EQTY,19/01/2026,69.25,70,68.25,68.75,6517958
EQTY.csv,EQTY,26/01/2026,69,69,66.5,67.5,8146044
EQTY.csv,EQTY,02/02/2026,67.5,73,67.25,68,16919171
EQTY.csv,EQTY,09/02/2026,69.75,78,67.75,75,21994298
EQTY.csv,EQTY,16/02/2026,76.75,76.75,73,73.5,8497618
EQTY.csv,EQTY,23/02/2026,73.25,80,73.25,78.75,20899544
EQTY.csv,EQTY,02/03/2026,78.5,78.5,73,74.5,24223258
EQTY.csv,EQTY,09/03/2026,75,78.5,73,77,20465047
EQTY.csv,EQTY,16/03/2026,77.75,79.75,74.75,76.5,7217036
EQTY.csv,EQTY,23/03/2026,76,77,66.5,69.75,12826165
EQTY.csv,EQTY,30/03/2026,70,70,67.75,69.5,8288270
EQTY.csv,EQTY,07/04/2026,69.5,75.5,69.5,75.5,12194142
EQTY.csv,EQTY,13/04/2026,75.5,77,73.75,76,8721020
EQTY.csv,EQTY,20/04/2026,76,77,74.75,75,3654523
EQTY.csv,EQTY,27/04/2026,75,76.75,73.25,73.75,11635300
EQTY.csv,EQTY,04/05/2026,73.75,77,73.75,74.75,13747749
EQTY.csv,EQTY,11/05/2026,75,76,74.25,75.25,11001591
EQTY.csv,EQTY,18/05/2026,75,76,74.75,76,11904555
EQTY.csv,EQTY,25/05/2026,72.75,76,66.75,75.25,16187482
EQTY.csv,EQTY,02/06/2026,76,78.5,74.75,77.5,6764080
EQTY.csv,EQTY,08/06/2026,77.25,77.5,76.5,76.5,1421229
IMH.csv,IMH,14/09/2020,22.424999,23,22.25,22.25,92000
IMH.csv,IMH,21/09/2020,22.375,22.5,21.75,22.5,271200
IMH.csv,IMH,28/09/2020,22,23,21.525,21.775,172400
IMH.csv,IMH,05/10/2020,21.775,22,21.75,21.75,43000
IMH.csv,IMH,12/10/2020,22,22,21.75,22,1043200
IMH.csv,IMH,19/10/2020,21.799999,22.5,21.775,22.5,6800
IMH.csv,IMH,26/10/2020,22,22,22,22,16600
IMH.csv,IMH,02/11/2020,21.975001,22,21.549999,21.549999,17200
IMH.csv,IMH,09/11/2020,21.600001,22,21.600001,22,37200
IMH.csv,IMH,16/11/2020,21.65,22.5,21.65,22.5,124800
IMH.csv,IMH,23/11/2020,21.75,23,21.75,23,345600
IMH.csv,IMH,30/11/2020,22.75,23,21.75,23,554600
IMH.csv,IMH,07/12/2020,22,23,22,23,1233200
IMH.csv,IMH,14/12/2020,23,23.65,22.375,23,665200
IMH.csv,IMH,21/12/2020,22,23,21.5,23,4331400
IMH.csv,IMH,28/12/2020,22.5,23,22.5,22.5,4800
IMH.csv,IMH,04/01/2021,22.5,22.75,21.75,22.75,425000
IMH.csv,IMH,11/01/2021,22.5,23,21.5249995,21.75,1288600
IMH.csv,IMH,18/01/2021,22,23,22,23,129000
IMH.csv,IMH,25/01/2021,23.25,23.25,23,23.25,1303600
IMH.csv,IMH,01/02/2021,23.5,23.5,21.7749995,22.5,138400
IMH.csv,IMH,08/02/2021,22.5,22.5,21,22.5,2717200
IMH.csv,IMH,15/02/2021,22.25,22.5,21.5,22.5,155000
IMH.csv,IMH,22/02/2021,22.5,23,21.25,22.475001,221200
IMH.csv,IMH,01/03/2021,22.475001,22.475001,22,22.299999,72000
IMH.csv,IMH,08/03/2021,22.475001,22.5,21.375,21.5,2132800
IMH.csv,IMH,15/03/2021,21.5,22.475001,21.5,22.475001,1377800
IMH.csv,IMH,22/03/2021,21.525,22.9,21.5,21.950001,952400
IMH.csv,IMH,29/03/2021,21.5,27.25,21.299999,24.25,1025000
IMH.csv,IMH,05/04/2021,26,26.5,23.5,23.5,1672200
IMH.csv,IMH,12/04/2021,24.225001,24.225001,22.875,23,1080400
IMH.csv,IMH,19/04/2021,23,23,22.25,22.5,2647200
IMH.csv,IMH,26/04/2021,22.5,24.975001,22,22,2958000
IMH.csv,IMH,03/05/2021,23.9,23.9,21.25,21.25,4468200
IMH.csv,IMH,10/05/2021,23.25,26,21,24.1,2104300
IMH.csv,IMH,17/05/2021,24.25,24.25,23,23.299999,38600
IMH.csv,IMH,24/05/2021,22.950001,23,20.5,22,227800
IMH.csv,IMH,31/05/2021,21.549999,23,21,22.299999,106300
IMH.csv,IMH,07/06/2021,22.450001,22.450001,21.35,21.5,289400
IMH.csv,IMH,14/06/2021,22,22,21,21.85,155000
IMH.csv,IMH,21/06/2021,21.85,21.9,21,21.9,285000
IMH.csv,IMH,28/06/2021,22.9,22.9,21.200001,21.9,820400
IMH.csv,IMH,05/07/2021,21.9,22.950001,21.5,21.5,870800
IMH.csv,IMH,12/07/2021,22.9,22.9,21.4,21.5,2630900
IMH.csv,IMH,19/07/2021,22.85,22.9,21.450001,22,1488900
IMH.csv,IMH,26/07/2021,22.85,23,22.25,22.75,110400
IMH.csv,IMH,02/08/2021,22.75,22.950001,21.75,22.5,412100
IMH.csv,IMH,09/08/2021,22.65,22.950001,22.299999,22.950001,512800
IMH.csv,IMH,16/08/2021,23,23,22.6,23,809700
IMH.csv,IMH,23/08/2021,23,23,22.75,22.9,574000
IMH.csv,IMH,30/08/2021,23,23.299999,22.5,22.700001,1528300
IMH.csv,IMH,06/09/2021,22.700001,23.4,22.450001,22.5,156600
IMH.csv,IMH,13/09/2021,23,23.1,22.5,22.799999,174000
IMH.csv,IMH,20/09/2021,23,23,22.5,23,105100
IMH.csv,IMH,27/09/2021,23,23,22.65,22.75,37400
IMH.csv,IMH,04/10/2021,22.75,22.799999,21.65,21.85,1881700
IMH.csv,IMH,11/10/2021,21.9,21.9,21.5,21.5,234900
IMH.csv,IMH,18/10/2021,22.1,22.1,21.4,21.5,92800
IMH.csv,IMH,25/10/2021,21.700001,21.799999,21.450001,21.5,160900
IMH.csv,IMH,01/11/2021,21.5,22,21.5,21.799999,15200
IMH.csv,IMH,08/11/2021,21.65,22.5,21.65,22,19200
IMH.csv,IMH,15/11/2021,22.5,22.5,21.35,21.35,135500
IMH.csv,IMH,22/11/2021,21.6,21.6,20.85,20.85,366800
IMH.csv,IMH,29/11/2021,21,21.5,20.549999,20.6,251500
IMH.csv,IMH,06/12/2021,21,21.450001,20.799999,20.950001,746600
IMH.csv,IMH,13/12/2021,20.950001,20.950001,20.25,20.9,146800
IMH.csv,IMH,20/12/2021,20.950001,21.5,20.9,21.5,87500
IMH.csv,IMH,27/12/2021,21.5,21.5,21.049999,21.1,19200
IMH.csv,IMH,03/01/2022,21.1,21.5,21.1,21.4,183500
IMH.csv,IMH,10/01/2022,21.450001,21.5,20.5,21.450001,378800
IMH.csv,IMH,17/01/2022,21.299999,21.5,21,21.299999,121000
IMH.csv,IMH,24/01/2022,21.299999,21.5,20.799999,20.85,99100
IMH.csv,IMH,31/01/2022,20.85,21.5,20.5,21.299999,310300
IMH.csv,IMH,07/02/2022,21.5,21.5,21.1,21.299999,71400
IMH.csv,IMH,14/02/2022,21.5,21.5,20.5,21.5,438600
IMH.csv,IMH,21/02/2022,21.5,21.5,20.5,21.299999,214400
IMH.csv,IMH,28/02/2022,21,22,20.049999,21.25,72500
IMH.csv,IMH,07/03/2022,21.25,21.299999,20.299999,20.799999,178800
IMH.csv,IMH,14/03/2022,21,21.85,20.65,20.799999,309000
IMH.csv,IMH,21/03/2022,21,21.5,20.4,21,247900
IMH.csv,IMH,28/03/2022,21,21,19.799999,20.25,526200
IMH.csv,IMH,04/04/2022,20.799999,21,20.1,20.299999,124400
IMH.csv,IMH,11/04/2022,20.4,20.549999,20.15,20.15,143700
IMH.csv,IMH,19/04/2022,20.450001,20.5,19.950001,20,349900
IMH.csv,IMH,25/04/2022,19.950001,19.950001,18,18.200001,403800
IMH.csv,IMH,04/05/2022,18.200001,18.200001,17.85,18,21500
IMH.csv,IMH,09/05/2022,18,18.950001,17.85,17.9,58900
IMH.csv,IMH,16/05/2022,17.950001,17.950001,17.5,17.700001,40500
IMH.csv,IMH,23/05/2022,17.5,18,16.9,17,1346400
IMH.csv,IMH,30/05/2022,18,18,16.9,16.9,541800
IMH.csv,IMH,06/06/2022,17.200001,18,16.65,17,1321200
IMH.csv,IMH,13/06/2022,17,17,16.5,16.6,722600
IMH.csv,IMH,20/06/2022,16.9,18,16.5,17,575400
IMH.csv,IMH,27/06/2022,17.200001,17.25,16.9,17,245800
IMH.csv,IMH,04/07/2022,17.25,17.450001,16.950001,17,320900
IMH.csv,IMH,12/07/2022,17,18,16.950001,17,540400
IMH.csv,IMH,18/07/2022,17.450001,17.450001,16.950001,17,736100
IMH.csv,IMH,25/07/2022,18.700001,18.700001,16.9,17,727000
IMH.csv,IMH,01/08/2022,17.200001,17.5,16.950001,17,527300
IMH.csv,IMH,08/08/2022,17.85,17.85,16.950001,17,2973900
IMH.csv,IMH,15/08/2022,17,18,16.85,17,809400
IMH.csv,IMH,22/08/2022,16.950001,18,16.9,17.5,210500
IMH.csv,IMH,29/08/2022,17,17.950001,16.9,16.950001,681200
IMH.csv,IMH,05/09/2022,17.200001,18,16.950001,17,3189900
IMH.csv,IMH,12/09/2022,17,17.950001,16.9,16.9,486000
IMH.csv,IMH,19/09/2022,17,17,16.9,16.9,1265700
IMH.csv,IMH,26/09/2022,17,18.4,16.9,17,1025100
IMH.csv,IMH,03/10/2022,17,17,16.75,16.9,473100
IMH.csv,IMH,11/10/2022,17,17.5,16.85,17.5,52700
IMH.csv,IMH,17/10/2022,17,17.5,16.85,17,267700
IMH.csv,IMH,24/10/2022,16.85,17,16.5,16.5,138400
IMH.csv,IMH,31/10/2022,16.950001,17.200001,16.9,17,27400
IMH.csv,IMH,07/11/2022,17.200001,17.5,16.950001,17.1,274200
IMH.csv,IMH,14/11/2022,17.1,17.35,16.700001,16.950001,64700
IMH.csv,IMH,21/11/2022,16.5,17.5,16.5,17,27300
IMH.csv,IMH,28/11/2022,16.950001,17.05,16.5,17,53000
IMH.csv,IMH,05/12/2022,17,17,16.7,16.75,76000
IMH.csv,IMH,13/12/2022,16.75,17.2,16.7,17,191000
IMH.csv,IMH,19/12/2022,17.2,17.2,16.95,16.95,622900
IMH.csv,IMH,27/12/2022,17,17.15,16.95,17,65200
IMH.csv,IMH,03/01/2023,17.05,17.5,17,17.5,76900
IMH.csv,IMH,09/01/2023,17.4,17.95,16.9,17,947900
IMH.csv,IMH,16/01/2023,17,17.3,16.95,16.95,221400
IMH.csv,IMH,23/01/2023,17,17.3,16.9,16.9,1163700
IMH.csv,IMH,30/01/2023,17,17.3,16.9,17.15,423000
IMH.csv,IMH,06/02/2023,17.2,17.3,17,17.3,467700
IMH.csv,IMH,13/02/2023,17.2,18.85,17.2,18,158400
IMH.csv,IMH,20/02/2023,18,18.2,17.2,17.8,88500
IMH.csv,IMH,27/02/2023,18,18.5,17.5,18,1559400
IMH.csv,IMH,06/03/2023,17.8,18.5,17.7,18,230600
IMH.csv,IMH,13/03/2023,18,18,17,17.45,476900
IMH.csv,IMH,20/03/2023,17.05,17.65,16.85,17.5,97200
IMH.csv,IMH,27/03/2023,17.9,21.5,17.85,20.9,926600
IMH.csv,IMH,03/04/2023,20.85,21,20.5,20.9,822900
IMH.csv,IMH,11/04/2023,20.55,20.95,20,20.5,476100
IMH.csv,IMH,17/04/2023,20.65,20.7,20,20.25,1109500
IMH.csv,IMH,24/04/2023,19.85,19.85,17.25,17.7,400300
IMH.csv,IMH,02/05/2023,17.75,17.9,16.8,17.1,1151600
IMH.csv,IMH,08/05/2023,17.1,17.5,16.8,16.9,318400
IMH.csv,IMH,15/05/2023,16.9,17,16.8,17,332600
IMH.csv,IMH,22/05/2023,17,17,15.8,16.95,183800
IMH.csv,IMH,29/05/2023,16.9,16.95,16.4,16.9,87800
IMH.csv,IMH,05/06/2023,16.95,17,16.8,16.95,1043100
IMH.csv,IMH,12/06/2023,16.95,17,16.8,16.9,451900
IMH.csv,IMH,19/06/2023,16.9,17,16.9,16.95,215300
IMH.csv,IMH,26/06/2023,17,17.5,16.9,17.45,545600
IMH.csv,IMH,03/07/2023,17.1,18.7,17,18.5,325800
IMH.csv,IMH,10/07/2023,18.5,18.7,18,18.4,280400
IMH.csv,IMH,17/07/2023,18.5,19,18,18.85,384000
IMH.csv,IMH,24/07/2023,18.85,19,18.5,18.95,221400
IMH.csv,IMH,31/07/2023,18.95,19,18.9,19,246100
IMH.csv,IMH,07/08/2023,19.75,19.75,18.5,18.95,254400
IMH.csv,IMH,14/08/2023,19,19,18.2,18.2,323200
IMH.csv,IMH,21/08/2023,18.3,18.3,18,18.2,46500
IMH.csv,IMH,28/08/2023,18.2,18.3,17.5,18,282400
IMH.csv,IMH,04/09/2023,18.3,18.3,17.8,17.9,201600
IMH.csv,IMH,11/09/2023,18,18.15,17,18,334700
IMH.csv,IMH,18/09/2023,18,18.3,17.5,17.5,564100
IMH.csv,IMH,25/09/2023,18,18,17,17.95,1545700
IMH.csv,IMH,02/10/2023,17.65,18,17.1,17.95,62600
IMH.csv,IMH,09/10/2023,17.95,17.95,17.3,17.5,58800
IMH.csv,IMH,16/10/2023,17.5,18,17.15,18,21200
IMH.csv,IMH,23/10/2023,17.95,17.95,17.15,17.45,180200
IMH.csv,IMH,30/10/2023,17.5,17.5,16.5,17,195200
IMH.csv,IMH,06/11/2023,17.2,18,17,17.5,118400
IMH.csv,IMH,14/11/2023,17.5,17.5,17,17.5,337500
IMH.csv,IMH,20/11/2023,17.5,17.5,17.05,17.5,131500
IMH.csv,IMH,27/11/2023,17.5,17.5,17.15,17.45,173600
IMH.csv,IMH,04/12/2023,17.35,17.5,17.1,17.5,233900
IMH.csv,IMH,11/12/2023,17.5,17.5,17.35,17.5,135300
IMH.csv,IMH,18/12/2023,17.5,17.5,17,17.5,62100
IMH.csv,IMH,27/12/2023,17.9,18,17.5,17.5,65400
IMH.csv,IMH,02/01/2024,17.5,18,17.2,17.5,286600
IMH.csv,IMH,08/01/2024,17.5,17.5,17.4,17.5,342600
IMH.csv,IMH,15/01/2024,17.5,17.5,17.4,17.5,261100
IMH.csv,IMH,22/01/2024,17.5,17.5,17.35,17.4,598900
IMH.csv,IMH,29/01/2024,17.45,17.5,17.4,17.5,189600
IMH.csv,IMH,05/02/2024,17.5,17.6,17.4,17.4,605500
IMH.csv,IMH,12/02/2024,17.4,17.4,17.3,17.35,181200
IMH.csv,IMH,19/02/2024,17.45,18.9,17.3,18.9,506600
IMH.csv,IMH,26/02/2024,18.2,19,18.2,18.9,246300
IMH.csv,IMH,04/03/2024,18.85,18.95,18,18.05,451100
IMH.csv,IMH,11/03/2024,18.2,20.55,18.2,20,282000
IMH.csv,IMH,18/03/2024,20.5,21.5,19.9,20.75,1041000
IMH.csv,IMH,25/03/2024,22.1,24.5,21,22,1468900
IMH.csv,IMH,02/04/2024,22.35,22.8,21.05,22,969800
IMH.csv,IMH,08/04/2024,21.9,22,21.2,21.7,646800
IMH.csv,IMH,15/04/2024,21.9,21.95,17.5,17.5,1142300
IMH.csv,IMH,22/04/2024,19,19,17,18.5,425200
IMH.csv,IMH,29/04/2024,18.3,18.5,17.25,18,277700
IMH.csv,IMH,06/05/2024,18,18.4,17.3,18,157800
IMH.csv,IMH,13/05/2024,18,18.7,17.6,18.1,141200
IMH.csv,IMH,20/05/2024,18.2,18.8,17.95,18.75,276600
IMH.csv,IMH,27/05/2024,18.8,20.85,18.5,20.5,431700
IMH.csv,IMH,03/06/2024,20.4,22.5,20.15,21.6,3585000
IMH.csv,IMH,10/06/2024,21.95,21.95,20.05,21,449900
IMH.csv,IMH,17/06/2024,20.9,21.7,20.45,21.5,1850200
IMH.csv,IMH,24/06/2024,21.7,21.85,21.05,21.5,143100
IMH.csv,IMH,01/07/2024,21.6,21.7,21,21.55,152600
IMH.csv,IMH,08/07/2024,21.65,21.8,21,21.7,130100
IMH.csv,IMH,15/07/2024,21.6,22,21.5,21.5,77100
IMH.csv,IMH,22/07/2024,21,21.5,20,20.75,285400
IMH.csv,IMH,29/07/2024,20.7,20.8,20.55,20.65,297100
IMH.csv,IMH,05/08/2024,20.65,20.7,19.5,20.65,160200
IMH.csv,IMH,12/08/2024,20,20.7,20,20.7,37900
IMH.csv,IMH,19/08/2024,20.65,35,20.55,27.8,4652300
IMH.csv,IMH,26/08/2024,25.05,25.05,20.5,22.4,121300
IMH.csv,IMH,02/09/2024,22,22.8,21.5,22,829700
IMH.csv,IMH,09/09/2024,21.95,23,21.85,22.8,1214400
IMH.csv,IMH,16/09/2024,22.15,24,22.05,24,471000
IMH.csv,IMH,23/09/2024,24,24,23,23.55,193700
IMH.csv,IMH,30/09/2024,23.6,23.6,22.75,23.5,241300
IMH.csv,IMH,07/10/2024,23.5,24.8,23.4,24.7,497300
IMH.csv,IMH,14/10/2024,24.5,32,24.5,26.2,1415700
IMH.csv,IMH,22/10/2024,26.15,27.7,24.75,27.35,523100
IMH.csv,IMH,28/10/2024,27.35,30,27,29.8,963100
IMH.csv,IMH,04/11/2024,28,29,27.9,28.5,470300
IMH.csv,IMH,11/11/2024,28,28.95,28,28.2,446800
IMH.csv,IMH,18/11/2024,28.2,30.95,28,30,1504900
IMH.csv,IMH,25/11/2024,30,30.9,29.5,30.2,337200
IMH.csv,IMH,02/12/2024,30.5,30.9,30.1,30.8,835600
IMH.csv,IMH,09/12/2024,30.5,32.25,30.3,32,429300
IMH.csv,IMH,16/12/2024,31,32.45,29.5,32,770800
IMH.csv,IMH,23/12/2024,31.9,36.1,31.9,36.1,128500
IMH.csv,IMH,30/12/2024,39,39,35.5,36.25,300500
IMH.csv,IMH,06/01/2025,36.95,37,33,34,504400
IMH.csv,IMH,13/01/2025,33.8,35.45,32,33,276100
IMH.csv,IMH,20/01/2025,33,35.3,32,35.3,592400
IMH.csv,IMH,27/01/2025,35,35.45,33.5,34.75,367000
IMH.csv,IMH,03/02/2025,34,36,33.8,36,2397000
IMH.csv,IMH,10/02/2025,35.25,36.5,35,36,355800
IMH.csv,IMH,17/02/2025,36,36.5,35,35.9,283400
IMH.csv,IMH,24/02/2025,35.95,36,35,36,1422300
IMH.csv,IMH,03/03/2025,36.5,37,35.9,36.5,6091800
IMH.csv,IMH,10/03/2025,36.45,36.45,35,35.5,203000
IMH.csv,IMH,17/03/2025,35,35.45,34.5,35,159500
IMH.csv,IMH,24/03/2025,34.95,35,31.5,32.5,559700
IMH.csv,IMH,01/04/2025,34,34,30,31.45,420500
IMH.csv,IMH,07/04/2025,32,33,30,32,568500
IMH.csv,IMH,14/04/2025,33,33,29.5,30,339900
IMH.csv,IMH,22/04/2025,30,31,29.5,31,478700
IMH.csv,IMH,28/04/2025,31,31.5,29.9,31.4,222900
IMH.csv,IMH,05/05/2025,31.4,31.4,29.8,30,214300
IMH.csv,IMH,12/05/2025,30,33.5,29.7,33.5,940800
IMH.csv,IMH,19/05/2025,31.9,35,31.9,34.2,3798000
IMH.csv,IMH,26/05/2025,34.5,34.5,33.5,34,394600
IMH.csv,IMH,03/06/2025,34,34.5,33.9,34,1541900
IMH.csv,IMH,09/06/2025,34,34.95,33.5,34,1770300
IMH.csv,IMH,16/06/2025,34,34.5,33.95,34.5,332400
IMH.csv,IMH,23/06/2025,34.3,36.5,34.1,36.3,546400
IMH.csv,IMH,30/06/2025,35.2,38,35.2,37.3,554800
IMH.csv,IMH,07/07/2025,37,38,36,36.05,238700
IMH.csv,IMH,14/07/2025,37,37,36,36.5,1071100
IMH.csv,IMH,21/07/2025,36.5,37.4,36,37,183800
IMH.csv,IMH,28/07/2025,36.55,37,36.5,37,223700
IMH.csv,IMH,04/08/2025,36.5,37.95,36.5,37.55,4302933
IMH.csv,IMH,11/08/2025,37.55,39,36.85,38,328656
IMH.csv,IMH,18/08/2025,38,39.35,38,38.4,1122620
IMH.csv,IMH,25/08/2025,38.4,39,38.2,38.75,1999750
IMH.csv,IMH,01/09/2025,38.9,41.45,38.6,40.75,3138528
IMH.csv,IMH,08/09/2025,40.5,44.8,40.5,43.75,945907
IMH.csv,IMH,15/09/2025,43.75,43.75,43,43.2,811545
IMH.csv,IMH,22/09/2025,43.2,43.3,42,43,1038858
IMH.csv,IMH,29/09/2025,43,43.5,42.7,42.95,255548
IMH.csv,IMH,06/10/2025,42.95,43,42.65,42.7,613127
IMH.csv,IMH,13/10/2025,42.9,42.9,41.5,41.8,198183
IMH.csv,IMH,21/10/2025,42,45,41.6,44,475422
IMH.csv,IMH,27/10/2025,44,44.5,43.6,44,4915446
IMH.csv,IMH,03/11/2025,44,46,44,46,2030703
IMH.csv,IMH,10/11/2025,46,46.2,45.35,45.5,1343443
IMH.csv,IMH,17/11/2025,46,47.5,45,46,1019844
IMH.csv,IMH,24/11/2025,46,46,41.2,44.95,352385
IMH.csv,IMH,01/12/2025,45,46,44.5,44.6,502868
IMH.csv,IMH,08/12/2025,45.2,45.5,44.5,45.35,465221
IMH.csv,IMH,15/12/2025,45.35,45.35,42.2,42.75,375953
IMH.csv,IMH,22/12/2025,42.9,42.9,42,42.5,434323
IMH.csv,IMH,29/12/2025,42.5,43,42,42.5,681535
IMH.csv,IMH,05/01/2026,44.95,45,42.55,45,2503743
IMH.csv,IMH,12/01/2026,45,46,43,44.95,1577504
IMH.csv,IMH,19/01/2026,45,45,44.35,45,1803229
IMH.csv,IMH,26/01/2026,45,45,44.9,45,1824262
IMH.csv,IMH,02/02/2026,45,45,44.9,45,3038480
IMH.csv,IMH,09/02/2026,45,50.75,44.9,50.25,12092447
IMH.csv,IMH,16/02/2026,50.5,50.75,47.7,48,3485451
IMH.csv,IMH,23/02/2026,48,51.5,48,51,5747965
IMH.csv,IMH,02/03/2026,50.5,50.75,49.5,49.95,4079929
IMH.csv,IMH,09/03/2026,49.75,51.25,49,51.25,3846989
IMH.csv,IMH,16/03/2026,51.25,52,50.25,50.75,690578
IMH.csv,IMH,23/03/2026,50.5,51.25,45.4,47.95,1162821
IMH.csv,IMH,30/03/2026,47.85,49.5,47.85,49.4,328387
IMH.csv,IMH,07/04/2026,49.4,52,49,51.75,528508
IMH.csv,IMH,13/04/2026,52,52,47.5,48.8,4881064
IMH.csv,IMH,20/04/2026,49,50,48.25,49.75,394860
IMH.csv,IMH,27/04/2026,49.7,49.75,49.1,49.5,4301805
IMH.csv,IMH,04/05/2026,49.3,50,48.5,50,645401
IMH.csv,IMH,11/05/2026,50,51,49.25,49.7,1111780
IMH.csv,IMH,18/05/2026,49.7,50.5,49,50,1071911
IMH.csv,IMH,25/05/2026,50,51.75,49.8,50.5,2046145
IMH.csv,IMH,02/06/2026,50.5,53,50.5,53,782154
IMH.csv,IMH,08/06/2026,53,54,52.5,53.25,114748
KCB.csv,KCB,07/06/2021,42.25,43.5,42.099998,42.299999,2373700
KCB.csv,KCB,14/06/2021,42.599998,42.849998,42,42.599998,1648600
KCB.csv,KCB,21/06/2021,42.950001,44.25,42.400002,43.599998,10566700
KCB.csv,KCB,28/06/2021,43.5,44.349998,42,42.900002,3918100
KCB.csv,KCB,05/07/2021,42.599998,47,42.599998,45.5,3193600
KCB.csv,KCB,12/07/2021,45.5,46,42.700001,44.75,2477700
KCB.csv,KCB,19/07/2021,44.75,45,44.5,44.799999,2597200
KCB.csv,KCB,26/07/2021,44.849998,46,44.75,45.700001,5646300
KCB.csv,KCB,02/08/2021,45.900002,46.799999,45.599998,46.400002,2820500
KCB.csv,KCB,09/08/2021,46.400002,48,46.200001,47.549999,4489100
KCB.csv,KCB,16/08/2021,48,50.75,47.099998,47.700001,4961800
KCB.csv,KCB,23/08/2021,47.700001,48.849998,47.700001,48.799999,2987000
KCB.csv,KCB,30/08/2021,48.5,49,46,46.650002,5461400
KCB.csv,KCB,06/09/2021,47,47,46,46.599998,3695800
KCB.csv,KCB,13/09/2021,46.5,49,46.400002,48.950001,5158900
KCB.csv,KCB,20/09/2021,48.200001,48.950001,46.5,47,11312600
KCB.csv,KCB,27/09/2021,47.049999,47.5,46.549999,46.849998,938200
KCB.csv,KCB,04/10/2021,46.849998,46.849998,45,46,8164400
KCB.csv,KCB,11/10/2021,46,46,42.200001,45,5502800
KCB.csv,KCB,18/10/2021,44.900002,45,43.200001,44.099998,4934400
KCB.csv,KCB,25/10/2021,44.099998,44.5,43.400002,44,8945000
KCB.csv,KCB,01/11/2021,44,44,43.099998,43.599998,2357700
KCB.csv,KCB,08/11/2021,43.599998,46.5,43.5,44.5,4689400
KCB.csv,KCB,15/11/2021,44.5,46.5,44.099998,45.450001,6886000
KCB.csv,KCB,22/11/2021,45.5,45.5,43,43.799999,11520900
KCB.csv,KCB,29/11/2021,43.599998,44,39.099998,41.099998,6075200
KCB.csv,KCB,06/12/2021,41.150002,43.5,40.5,43.5,28350200
KCB.csv,KCB,13/12/2021,43,45,43,45,9221500
KCB.csv,KCB,20/12/2021,45,45.5,44.25,45.25,584000
KCB.csv,KCB,27/12/2021,45,45.5,44.5,45.5,1535900
KCB.csv,KCB,03/01/2022,45.5,46.5,45,45.900002,2554700
KCB.csv,KCB,10/01/2022,45.650002,46.5,44.700001,45.099998,6593400
KCB.csv,KCB,17/01/2022,45.150002,45.5,44.5,44.700001,6399400
KCB.csv,KCB,24/01/2022,45,45.5,44.400002,44.799999,10671500
KCB.csv,KCB,31/01/2022,45.049999,47.5,44.799999,46.599998,11737400
KCB.csv,KCB,07/02/2022,47,47,45,45.599998,3036500
KCB.csv,KCB,14/02/2022,45.599998,46.5,45.549999,46,3384700
KCB.csv,KCB,21/02/2022,46,46.450001,44.5,44.5,4620200
KCB.csv,KCB,28/02/2022,44.549999,45.950001,43.599998,45.5,5978000
KCB.csv,KCB,07/03/2022,45.400002,45.900002,43.849998,44.5,6049600
KCB.csv,KCB,14/03/2022,44.950001,46,44,44.599998,8050600
KCB.csv,KCB,21/03/2022,45,45,43,44.349998,13578200
KCB.csv,KCB,28/03/2022,44.25,45,43.5,44.200001,8608500
KCB.csv,KCB,04/04/2022,44.049999,44.200001,43,43.599998,2263200
KCB.csv,KCB,11/04/2022,43.599998,44,43,43.5,2394000
KCB.csv,KCB,19/04/2022,43.5,43.5,42.5,43.299999,481600
KCB.csv,KCB,25/04/2022,43.299999,43.299999,37,37.049999,1150600
KCB.csv,KCB,04/05/2022,37,38,34,35.599998,667200
KCB.csv,KCB,09/05/2022,37,37,35.099998,35.650002,5269000
KCB.csv,KCB,16/05/2022,35.700001,35.849998,34.5,35.400002,5166800
KCB.csv,KCB,23/05/2022,35.5,38.5,35,37.799999,5576500
KCB.csv,KCB,30/05/2022,38.299999,39,37.700001,38.450001,4563400
KCB.csv,KCB,06/06/2022,38.75,39.5,38.5,39.349998,2096300
KCB.csv,KCB,13/06/2022,39,39.5,37.5,37.900002,3522400
KCB.csv,KCB,20/06/2022,37.900002,37.900002,36.200001,36.700001,3208100
KCB.csv,KCB,27/06/2022,36.950001,40,36.549999,40,1298700
KCB.csv,KCB,04/07/2022,39,43,39,42.5,9697800
KCB.csv,KCB,12/07/2022,42.799999,42.799999,39.5,40.049999,8786300
KCB.csv,KCB,18/07/2022,40.5,40.5,38.5,38.849998,8482500
KCB.csv,KCB,25/07/2022,38.849998,41.900002,38.5,41,3812400
KCB.csv,KCB,01/08/2022,41,42.5,39.700001,42,3761800
KCB.csv,KCB,08/08/2022,42,44,41.75,43.5,3010700
KCB.csv,KCB,15/08/2022,43,43.5,42.599998,43.450001,936300
KCB.csv,KCB,22/08/2022,43.349998,43.799999,40.599998,41,815000
KCB.csv,KCB,29/08/2022,41,41.799999,40.5,40.900002,2673900
KCB.csv,KCB,05/09/2022,40.900002,43.75,40.799999,42.5,3441000
KCB.csv,KCB,12/09/2022,43,43,38.950001,39,7482000
KCB.csv,KCB,19/09/2022,39.400002,40,38.900002,39.799999,6863700
KCB.csv,KCB,26/09/2022,40,42,39.75,41.200001,14845900
KCB.csv,KCB,03/10/2022,40.950001,41.5,39.049999,39.5,1524800
KCB.csv,KCB,11/10/2022,39.5,39.5,38,38.849998,1171300
KCB.csv,KCB,17/10/2022,38.75,40,36.200001,36.5,6011500
KCB.csv,KCB,24/10/2022,37.700001,38,36.5,37.700001,7686000
KCB.csv,KCB,31/10/2022,37.599998,37.950001,36.900002,37.25,3068500
KCB.csv,KCB,07/11/2022,37,37.25,36.400002,37,3545200
KCB.csv,KCB,14/11/2022,36.5,40,36.5,38.950001,777600
KCB.csv,KCB,21/11/2022,38.950001,38.950001,36.599998,37.5,998200
KCB.csv,KCB,28/11/2022,37.700001,39.5,37.5,37.8,5186000
KCB.csv,KCB,05/12/2022,37.6,38,36.6,36.8,3194700
KCB.csv,KCB,13/12/2022,37,37.5,36.45,37.3,907300
KCB.csv,KCB,19/12/2022,37.35,40,37.35,38,5281000
KCB.csv,KCB,27/12/2022,38,38.3,38,38.1,343000
KCB.csv,KCB,03/01/2023,38.1,39.5,38,39.5,171700
KCB.csv,KCB,09/01/2023,39.5,39.5,38.5,38.6,842500
KCB.csv,KCB,16/01/2023,38.5,38.9,37.6,38.3,4429300
KCB.csv,KCB,23/01/2023,38.3,38.9,38.3,38.45,476600
KCB.csv,KCB,30/01/2023,38.55,38.7,38,38.2,2280500
KCB.csv,KCB,06/02/2023,38.9,39.2,38.1,39,8798700
KCB.csv,KCB,13/02/2023,39,39.2,38.5,38.5,2179200
KCB.csv,KCB,20/02/2023,38.5,38.65,38,38.25,3726400
KCB.csv,KCB,27/02/2023,38.3,38.4,38,38.4,2599800
KCB.csv,KCB,06/03/2023,38.4,38.4,37,37.5,2327700
KCB.csv,KCB,13/03/2023,37.5,37.5,30.95,30.95,918800
KCB.csv,KCB,20/03/2023,30.95,37,29.5,35.3,3269000
KCB.csv,KCB,27/03/2023,35,37,34.5,35.55,9420100
KCB.csv,KCB,03/04/2023,35.55,37,35.5,36,3957900
KCB.csv,KCB,11/04/2023,35.5,36.5,33.75,33.85,5179300
KCB.csv,KCB,17/04/2023,33.85,34.95,32,32,1698100
KCB.csv,KCB,24/04/2023,33,35,32,32.05,1277900
KCB.csv,KCB,02/05/2023,32.85,34,31.05,31.5,953600
KCB.csv,KCB,08/05/2023,31.5,32,28.05,28.5,1703800
KCB.csv,KCB,15/05/2023,28.9,32,28.1,30.5,3317300
KCB.csv,KCB,22/05/2023,30.5,31.5,29,31.3,2552100
KCB.csv,KCB,29/05/2023,31.1,33,31,32,861500
KCB.csv,KCB,05/06/2023,32,32,31.7,31.75,1465900
KCB.csv,KCB,12/06/2023,31.9,32,29.2,29.4,6095400
KCB.csv,KCB,19/06/2023,30,30,29.2,29.35,1770700
KCB.csv,KCB,26/06/2023,29.5,30,29,29.05,1900200
KCB.csv,KCB,03/07/2023,29.05,29.5,28.85,29,8157800
KCB.csv,KCB,10/07/2023,29.1,31.95,28.85,31.2,5219500
KCB.csv,KCB,17/07/2023,31.6,32,29.4,29.5,2187500
KCB.csv,KCB,24/07/2023,29.55,30,28.5,28.5,3095000
KCB.csv,KCB,31/07/2023,28.5,30.5,28.4,30,2834200
KCB.csv,KCB,07/08/2023,30,30.5,28.75,28.8,1143000
KCB.csv,KCB,14/08/2023,29,29,27,27.55,1702800
KCB.csv,KCB,21/08/2023,27.5,27.5,23,23.95,1887100
KCB.csv,KCB,28/08/2023,25,25,23.35,23.45,3538800
KCB.csv,KCB,04/09/2023,23.75,25,23.25,23.3,1229500
KCB.csv,KCB,11/09/2023,25,25,22.1,22.3,2709700
KCB.csv,KCB,18/09/2023,22.5,22.8,22.25,22.35,871700
KCB.csv,KCB,25/09/2023,22.35,22.9,20.25,21.2,2813200
KCB.csv,KCB,02/10/2023,22,22,20.4,20.9,2928600
KCB.csv,KCB,09/10/2023,21,21,20.5,20.95,853400
KCB.csv,KCB,16/10/2023,20.8,20.95,19.8,20,1485300
KCB.csv,KCB,23/10/2023,20,20,18.5,18.9,1183200
KCB.csv,KCB,30/10/2023,18.55,18.9,16,16,6737500
KCB.csv,KCB,06/11/2023,16.8,17.2,15,16,9862900
KCB.csv,KCB,14/11/2023,17,20,16.05,19.95,2359300
KCB.csv,KCB,20/11/2023,20,22,19.5,19.6,3840700
KCB.csv,KCB,27/11/2023,20.15,20.2,18,19.4,4321500
KCB.csv,KCB,04/12/2023,19.4,19.5,19,19.25,2422600
KCB.csv,KCB,11/12/2023,19.35,19.5,19,19.1,1086100
KCB.csv,KCB,18/12/2023,19.5,23.3,19,21.7,2194300
KCB.csv,KCB,27/12/2023,22,22.2,21.5,21.95,1701900
KCB.csv,KCB,02/01/2024,22,23.1,21.8,22.55,699900
KCB.csv,KCB,08/01/2024,22.55,22.7,21.8,21.95,3227400
KCB.csv,KCB,15/01/2024,22,22,20.5,21.7,2380200
KCB.csv,KCB,22/01/2024,21.7,21.7,20,20.2,3156200
KCB.csv,KCB,29/01/2024,20,21,19.5,20.95,4281000
KCB.csv,KCB,05/02/2024,20.5,20.5,19.8,19.95,970400
KCB.csv,KCB,12/02/2024,19.5,20,18.5,20,1302000
KCB.csv,KCB,19/02/2024,20,20.5,19.95,20.5,7066400
KCB.csv,KCB,26/02/2024,20.35,21.75,20.1,21.1,11008800
KCB.csv,KCB,04/03/2024,21.75,21.85,20.35,21,1259400
KCB.csv,KCB,11/03/2024,21,24.95,20.8,24,15737900
KCB.csv,KCB,18/03/2024,24.5,26.7,22,26.2,25963700
KCB.csv,KCB,25/03/2024,25.65,32.7,25,30.05,28512400
KCB.csv,KCB,02/04/2024,31,31.3,29,30.2,4071600
KCB.csv,KCB,08/04/2024,30.1,30.8,30,30,13820100
KCB.csv,KCB,15/04/2024,30.1,30.1,26.5,28,10324900
KCB.csv,KCB,22/04/2024,28.95,30.5,28,30.2,20864000
KCB.csv,KCB,29/04/2024,30.2,30.2,29,29.65,7356200
KCB.csv,KCB,06/05/2024,29.7,30.4,29.5,30.05,7629800
KCB.csv,KCB,13/05/2024,30,32.5,30,32.5,4241100
KCB.csv,KCB,20/05/2024,32,35.95,32,35.65,14522500
KCB.csv,KCB,27/05/2024,35.05,39,34.6,36,9959200
KCB.csv,KCB,03/06/2024,36,37.9,35.25,36.05,9829600
KCB.csv,KCB,10/06/2024,36.4,36.6,35.05,35.1,5867500
KCB.csv,KCB,17/06/2024,35.05,35.45,33,34,3265800
KCB.csv,KCB,24/06/2024,33.05,34,30,31.95,2204100
KCB.csv,KCB,01/07/2024,32,32.5,31,32,2294600
KCB.csv,KCB,08/07/2024,32.5,36,32,34.2,1515300
KCB.csv,KCB,15/07/2024,34.9,35,33.6,33.6,1263100
KCB.csv,KCB,22/07/2024,33.9,33.9,31,31.6,1301800
KCB.csv,KCB,29/07/2024,31.7,32,30.3,30.8,3049200
KCB.csv,KCB,05/08/2024,31,31,29.15,30,14646100
KCB.csv,KCB,12/08/2024,30,30,29.2,29.5,4159800
KCB.csv,KCB,19/08/2024,29.5,33.9,29.05,31.75,6032000
KCB.csv,KCB,26/08/2024,31.95,32.5,30.9,32,8119100
KCB.csv,KCB,02/09/2024,32,34.4,31.75,33.8,3097900
KCB.csv,KCB,09/09/2024,34,35.5,32,33,8334100
KCB.csv,KCB,16/09/2024,32.5,34.25,32.5,33.8,4812000
KCB.csv,KCB,23/09/2024,34,35.9,33.6,34.55,4625600
KCB.csv,KCB,30/09/2024,34.95,35.5,34,35.25,4378500
KCB.csv,KCB,07/10/2024,35.45,37,35.2,36.6,3115500
KCB.csv,KCB,14/10/2024,36.75,39.95,36,39,9823700
KCB.csv,KCB,22/10/2024,39,40,36.6,38,2342900
KCB.csv,KCB,28/10/2024,37.9,39.05,37.7,38.2,4214400
KCB.csv,KCB,04/11/2024,38.5,39.5,37.5,39.5,6162600
KCB.csv,KCB,11/11/2024,39.2,40,39,39.3,2599000
KCB.csv,KCB,18/11/2024,39.1,41,37.55,39,5264500
KCB.csv,KCB,25/11/2024,39.4,39.6,38,38,1198000
KCB.csv,KCB,02/12/2024,38,38.5,37,38.1,3152200
KCB.csv,KCB,09/12/2024,37.85,40,37.05,39.5,5047500
KCB.csv,KCB,16/12/2024,39.5,39.95,39.1,39.5,3509100
KCB.csv,KCB,23/12/2024,39.95,40,39.25,40,1437100
KCB.csv,KCB,30/12/2024,40,43.2,39.9,42.3,1844500
KCB.csv,KCB,06/01/2025,42.95,43.5,42,43.5,8204000
KCB.csv,KCB,13/01/2025,43.25,44,42,42.95,7316000
KCB.csv,KCB,20/01/2025,42.95,47,42,45.8,11033300
KCB.csv,KCB,27/01/2025,45.8,46,42,42.8,3899400
KCB.csv,KCB,03/02/2025,43,45.5,43,45.5,12288700
KCB.csv,KCB,10/02/2025,45.1,45.5,44,45.25,4452800
KCB.csv,KCB,17/02/2025,45.2,45.5,43.5,44.5,17999200
KCB.csv,KCB,24/02/2025,45.5,45.5,44,44.9,14095800
KCB.csv,KCB,03/03/2025,44.95,45,44.3,44.7,11820100
KCB.csv,KCB,10/03/2025,44.75,44.75,35,42.05,18439300
KCB.csv,KCB,17/03/2025,42.25,43,41,41,13379200
KCB.csv,KCB,24/03/2025,42,42.5,41.5,42,2435500
KCB.csv,KCB,01/04/2025,42,42.25,39.5,40,4072600
KCB.csv,KCB,07/04/2025,39.55,39.9,35,38.4,8140800
KCB.csv,KCB,14/04/2025,42,42,37.5,38.3,11196500
KCB.csv,KCB,22/04/2025,38,41.5,37.5,39.35,8615300
KCB.csv,KCB,28/04/2025,39.35,39.35,38,38.75,424600
KCB.csv,KCB,05/05/2025,38.75,39,38,38.35,5918600
KCB.csv,KCB,12/05/2025,38.35,43,38.35,42,7109200
KCB.csv,KCB,19/05/2025,42.5,42.85,40.2,40.75,5033500
KCB.csv,KCB,26/05/2025,40.8,42.65,40.55,42.1,1957800
KCB.csv,KCB,03/06/2025,42.2,44,42.2,43.15,1431000
KCB.csv,KCB,09/06/2025,42.7,45.25,42.7,44.5,22837600
KCB.csv,KCB,16/06/2025,45,45,43.1,43.7,5354400
KCB.csv,KCB,23/06/2025,43.8,47,43.4,46.5,7392600
KCB.csv,KCB,30/06/2025,45.8,47.4,45.8,47,30279500
KCB.csv,KCB,07/07/2025,47,48,46,46.4,7345800
KCB.csv,KCB,14/07/2025,46.4,46.7,45.55,46.45,8706600
KCB.csv,KCB,21/07/2025,46.2,48.25,46.15,47,23500400
KCB.csv,KCB,28/07/2025,47.5,47.5,47,47.35,3741300
KCB.csv,KCB,04/08/2025,47.4,48.5,47,48.1,6027959
KCB.csv,KCB,11/08/2025,48.35,55,48.1,54,7915770
KCB.csv,KCB,18/08/2025,54,55,53.75,54.25,13406925
KCB.csv,KCB,25/08/2025,54.25,54.75,52.75,54.25,4685868
KCB.csv,KCB,01/09/2025,54.25,54.75,50,51.25,18104225
KCB.csv,KCB,08/09/2025,51,54,50.75,53,13438234
KCB.csv,KCB,15/09/2025,53,54,52.5,54,18469720
KCB.csv,KCB,22/09/2025,54,58,53.25,57.5,52510153
KCB.csv,KCB,29/09/2025,57.5,57.5,55.75,57,4864704
KCB.csv,KCB,06/10/2025,57,57,56,57,3108252
KCB.csv,KCB,13/10/2025,56.5,58.25,56.5,57,3934601
KCB.csv,KCB,21/10/2025,57.25,58.5,56.75,58.25,4542382
KCB.csv,KCB,27/10/2025,58.25,62,57.5,62,3867638
KCB.csv,KCB,03/11/2025,62,72.5,61.5,69.5,5601615
KCB.csv,KCB,10/11/2025,68.25,70,64,65,8212650
KCB.csv,KCB,17/11/2025,65.25,67.75,61,63,9378396
KCB.csv,KCB,24/11/2025,63.5,63.5,58,59,8521217
KCB.csv,KCB,01/12/2025,59,59,55.75,56,3143808
KCB.csv,KCB,08/12/2025,56.25,60,55.5,60,16734351
KCB.csv,KCB,15/12/2025,60,65,59,62.25,32244652
KCB.csv,KCB,22/12/2025,62.25,65.75,61.5,63.75,3078333
KCB.csv,KCB,29/12/2025,63,66.5,63,65.5,550569
KCB.csv,KCB,05/01/2026,66,67.25,64.5,67,6500797
KCB.csv,KCB,12/01/2026,67,68,66.5,67.25,4131504
KCB.csv,KCB,19/01/2026,67.25,67.25,66.25,66.75,5675316
KCB.csv,KCB,26/01/2026,66.75,68,66.25,67,14297337
KCB.csv,KCB,02/02/2026,67,68,66.25,67.75,6594614
KCB.csv,KCB,09/02/2026,68,76.25,67.5,74.75,11982054
KCB.csv,KCB,16/02/2026,76,76.5,73.5,75,11934960
KCB.csv,KCB,23/02/2026,74,80.5,73.75,80.5,11263710
KCB.csv,KCB,02/03/2026,79.5,79.5,73,78.5,7869688
KCB.csv,KCB,09/03/2026,78.5,80,75.5,79,12161171
KCB.csv,KCB,16/03/2026,79,79,75,76.5,3074359
KCB.csv,KCB,23/03/2026,76.5,76.5,65.5,69,14412787
KCB.csv,KCB,30/03/2026,69.5,70,67,69,4948021
KCB.csv,KCB,07/04/2026,69,71.5,67,71,9120837
KCB.csv,KCB,13/04/2026,71,72,68.5,69.75,4134134
KCB.csv,KCB,20/04/2026,69.75,70.75,68,68.25,4376721
KCB.csv,KCB,27/04/2026,68.5,69,66.5,67.25,3178861
KCB.csv,KCB,04/05/2026,67.5,68,66.5,66.75,9545163
KCB.csv,KCB,11/05/2026,67,67,66.5,66.75,2243621
KCB.csv,KCB,18/05/2026,66.75,67,66.25,66.75,4864342
KCB.csv,KCB,25/05/2026,66.75,70,66.25,67.75,31264467
KCB.csv,KCB,02/06/2026,67.75,71,67,70.5,6540120
KCB.csv,KCB,08/06/2026,70.5,70.5,69.5,69.75,748289
NCBA.csv,NCBA,14/09/2020,22.4,23.299999,21.5,23.299999,830100
NCBA.csv,NCBA,21/09/2020,23.299999,23.5,22.799999,22.85,420500
NCBA.csv,NCBA,28/09/2020,23.200001,23.4,22,22,352300
NCBA.csv,NCBA,05/10/2020,23,23,22,22.799999,218900
NCBA.csv,NCBA,12/10/2020,22.799999,23.5,22.5,22.9,432300
NCBA.csv,NCBA,19/10/2020,22.9,23,22.5,22.75,72600
NCBA.csv,NCBA,26/10/2020,22.700001,22.9,22.1,22.700001,430200
NCBA.csv,NCBA,02/11/2020,22.4,22.5,20.6,22.049999,201700
NCBA.csv,NCBA,09/11/2020,22.450001,23,21.5,22,121100
NCBA.csv,NCBA,16/11/2020,22.5,22.75,21.5,22.700001,418100
NCBA.csv,NCBA,23/11/2020,22.6,23.5,22,23,7420900
NCBA.csv,NCBA,30/11/2020,23.450001,23.5,21.1,22.5,117500
NCBA.csv,NCBA,07/12/2020,23,23.5,22.950001,23.299999,388000
NCBA.csv,NCBA,14/12/2020,23.35,23.6,22.950001,23.5,525200
NCBA.csv,NCBA,21/12/2020,22.5,24.5,22.5,24.5,164700
NCBA.csv,NCBA,28/12/2020,24,27,24,27,339200
NCBA.csv,NCBA,04/01/2021,27,27,25,25.700001,229600
NCBA.csv,NCBA,11/01/2021,25.700001,26,25,25.5,299000
NCBA.csv,NCBA,18/01/2021,25.15,25.799999,25.15,25.25,169400
NCBA.csv,NCBA,25/01/2021,25.200001,25.65,24,24.75,63100
NCBA.csv,NCBA,01/02/2021,24.75,25.5,24,24.6,87200
NCBA.csv,NCBA,08/02/2021,24,25,23,24.5,196500
NCBA.csv,NCBA,15/02/2021,24,25,24,24,185200
NCBA.csv,NCBA,22/02/2021,24.25,25,23.5,24.450001,421200
NCBA.csv,NCBA,01/03/2021,24.4,26.5,24,25.9,192800
NCBA.csv,NCBA,08/03/2021,25.549999,25.549999,24,24.799999,152000
NCBA.csv,NCBA,15/03/2021,24.6,25.25,24.1,25,125100
NCBA.csv,NCBA,22/03/2021,24.85,24.950001,22.5,23,226100
NCBA.csv,NCBA,29/03/2021,23,26.049999,22.950001,25,1082400
NCBA.csv,NCBA,05/04/2021,25.15,25.5,24,25,921800
NCBA.csv,NCBA,12/04/2021,24.5,27,24.5,27,1761400
NCBA.csv,NCBA,19/04/2021,26.799999,26.9,24.5,24.5,4342800
NCBA.csv,NCBA,26/04/2021,25,25.5,24,24.5,118100
NCBA.csv,NCBA,03/05/2021,24.299999,24.85,24.25,24.700001,267600
NCBA.csv,NCBA,10/05/2021,24.700001,25.5,24.6,24.6,52500
NCBA.csv,NCBA,17/05/2021,24.6,25,24.6,24.9,126600
NCBA.csv,NCBA,24/05/2021,24.5,25.5,24.25,25.5,546800
NCBA.csv,NCBA,31/05/2021,25.200001,27.85,25.200001,26.4,10161200
NCBA.csv,NCBA,07/06/2021,25.65,26.700001,25.5,26.5,55101900
NCBA.csv,NCBA,14/06/2021,26.5,26.6,25.5,25.5,331900
NCBA.csv,NCBA,21/06/2021,25.5,25.75,24.25,25.299999,901400
NCBA.csv,NCBA,28/06/2021,24.450001,25.9,24.450001,25,367100
NCBA.csv,NCBA,05/07/2021,25.5,26.5,24.5,25.549999,228200
NCBA.csv,NCBA,12/07/2021,26,26.4,25,25.799999,338900
NCBA.csv,NCBA,19/07/2021,25.799999,26.5,25.549999,26.5,146800
NCBA.csv,NCBA,26/07/2021,26.200001,27,26,26.5,186500
NCBA.csv,NCBA,02/08/2021,26.5,26.9,25.549999,25.549999,112000
NCBA.csv,NCBA,09/08/2021,25.85,26.200001,25,25.5,660800
NCBA.csv,NCBA,16/08/2021,25.5,27.5,25.049999,27.049999,616700
NCBA.csv,NCBA,23/08/2021,27.1,27.450001,26.25,26.9,314400
NCBA.csv,NCBA,30/08/2021,26.9,29,26.9,27.799999,751100
NCBA.csv,NCBA,06/09/2021,27.799999,27.950001,27,27.5,377400
NCBA.csv,NCBA,13/09/2021,27.65,28.200001,27.5,27.950001,621100
NCBA.csv,NCBA,20/09/2021,27.799999,28,26,27.700001,915800
NCBA.csv,NCBA,27/09/2021,27.799999,27.9,25,26,414900
NCBA.csv,NCBA,04/10/2021,26,26.4,25,25.5,185200
NCBA.csv,NCBA,11/10/2021,25.25,26,24.9,25.65,301900
NCBA.csv,NCBA,18/10/2021,25.799999,25.799999,24.5,25,103400
NCBA.csv,NCBA,25/10/2021,25,25,24,24.799999,359900
NCBA.csv,NCBA,01/11/2021,24.200001,24.799999,24,24.5,344300
NCBA.csv,NCBA,08/11/2021,24.15,24.5,23.9,23.9,433000
NCBA.csv,NCBA,15/11/2021,24,24.1,23.25,23.75,477400
NCBA.csv,NCBA,22/11/2021,23.65,24,23,23.5,4452100
NCBA.csv,NCBA,29/11/2021,24,25,23.1,24.200001,532200
NCBA.csv,NCBA,06/12/2021,24.200001,26.200001,23,26.200001,4749300
NCBA.csv,NCBA,13/12/2021,24,25.25,24,25,434500
NCBA.csv,NCBA,20/12/2021,25.049999,26,25,25.549999,192000
NCBA.csv,NCBA,27/12/2021,25.950001,26,25,26,70300
NCBA.csv,NCBA,03/01/2022,25.200001,26.299999,25.200001,26,141900
NCBA.csv,NCBA,10/01/2022,26.1,26.299999,25,25,199900
NCBA.csv,NCBA,17/01/2022,25.049999,26,24.049999,26,72300
NCBA.csv,NCBA,24/01/2022,25.1,26,24.75,25.700001,157300
NCBA.csv,NCBA,31/01/2022,25.700001,26,25.200001,25.450001,825300
NCBA.csv,NCBA,07/02/2022,25.5,26,25,25.35,215000
NCBA.csv,NCBA,14/02/2022,25.549999,26,25,25.1,125700
NCBA.csv,NCBA,21/02/2022,25.799999,25.799999,23,23.5,869600
NCBA.csv,NCBA,28/02/2022,24,25,23,24.049999,1025100
NCBA.csv,NCBA,07/03/2022,24.35,25,24,24.5,74100
NCBA.csv,NCBA,14/03/2022,24.799999,25,24,25,143300
NCBA.csv,NCBA,21/03/2022,25,26.5,24.5,25.950001,722400
NCBA.csv,NCBA,28/03/2022,26,26,25.5,26,346200
NCBA.csv,NCBA,04/04/2022,26,27.200001,25.85,27.200001,359800
NCBA.csv,NCBA,11/04/2022,26.950001,27.200001,26.5,26.75,73300
NCBA.csv,NCBA,19/04/2022,26.549999,26.549999,25.9,26,187000
NCBA.csv,NCBA,25/04/2022,26,26.9,25.5,26.450001,3068600
NCBA.csv,NCBA,04/05/2022,24.950001,25.25,23.5,25.25,1683000
NCBA.csv,NCBA,09/05/2022,25,27,24.1,26.5,1705200
NCBA.csv,NCBA,16/05/2022,27,27,25.6,25.700001,6234600
NCBA.csv,NCBA,23/05/2022,26,26.9,26,26.9,2140700
NCBA.csv,NCBA,30/05/2022,26.85,26.9,25.5,26.4,99300
NCBA.csv,NCBA,06/06/2022,26.450001,26.9,24.5,26.5,126500
NCBA.csv,NCBA,13/06/2022,26.6,26.6,24,24,217900
NCBA.csv,NCBA,20/06/2022,24.25,26,23.5,23.950001,107900
NCBA.csv,NCBA,27/06/2022,23.950001,24.5,23.299999,24,229100
NCBA.csv,NCBA,04/07/2022,23.700001,24.299999,23.5,23.9,847000
NCBA.csv,NCBA,12/07/2022,24,24.5,23.799999,24.5,4362300
NCBA.csv,NCBA,18/07/2022,24.5,25,23.9,25,1320000
NCBA.csv,NCBA,25/07/2022,25,25.9,24.5,25,152100
NCBA.csv,NCBA,01/08/2022,24.85,26,24.5,25.5,426600
NCBA.csv,NCBA,08/08/2022,26,28,25.5,26.9,514000
NCBA.csv,NCBA,15/08/2022,26.049999,28,25.5,25.5,270700
NCBA.csv,NCBA,22/08/2022,25.5,29.25,25.5,29.25,501900
NCBA.csv,NCBA,29/08/2022,28.5,31.4,28.5,30.5,623700
NCBA.csv,NCBA,05/09/2022,31.1,33.25,30,33,6035700
NCBA.csv,NCBA,12/09/2022,33.150002,33.200001,29.450001,30,8523400
NCBA.csv,NCBA,19/09/2022,29,33,28.5,33,19234500
NCBA.csv,NCBA,26/09/2022,32,33,29.700001,31,2040700
NCBA.csv,NCBA,03/10/2022,31.25,32.950001,30,32.5,1710400
NCBA.csv,NCBA,11/10/2022,32.200001,32.950001,30,30.5,423200
NCBA.csv,NCBA,17/10/2022,30.25,31,30,30,176800
NCBA.csv,NCBA,24/10/2022,30,32.799999,30,32.799999,1049200
NCBA.csv,NCBA,31/10/2022,32.799999,32.799999,30.200001,31.9,102500
NCBA.csv,NCBA,07/11/2022,31,32.5,31,32,603800
NCBA.csv,NCBA,14/11/2022,31.700001,32,30,30.299999,359700
NCBA.csv,NCBA,21/11/2022,30.1,33,30.1,32.950001,201000
NCBA.csv,NCBA,28/11/2022,32,33.5,32,33.3,353700
NCBA.csv,NCBA,05/12/2022,33,36,33,35.05,576100
NCBA.csv,NCBA,13/12/2022,35.3,37.5,31.6,36.5,162700
NCBA.csv,NCBA,19/12/2022,37,37.95,35.75,37.95,439500
NCBA.csv,NCBA,27/12/2022,37.95,40,37.5,38.75,195500
NCBA.csv,NCBA,03/01/2023,39.95,40,37.55,38.75,505600
NCBA.csv,NCBA,09/01/2023,39.5,40.25,38,39,2657900
NCBA.csv,NCBA,16/01/2023,39.95,39.95,38.05,38.1,154300
NCBA.csv,NCBA,23/01/2023,38.5,38.75,35,37.3,134800
NCBA.csv,NCBA,30/01/2023,37.05,38,34,35,261200
NCBA.csv,NCBA,06/02/2023,35.9,39,35.9,37,316100
NCBA.csv,NCBA,13/02/2023,37.6,38,37,37.5,363100
NCBA.csv,NCBA,20/02/2023,37.75,38,35,36.2,292600
NCBA.csv,NCBA,27/02/2023,36.2,38,36,37.5,657200
NCBA.csv,NCBA,06/03/2023,37,37.5,36,37,219600
NCBA.csv,NCBA,13/03/2023,36.8,37,32.5,32.5,112800
NCBA.csv,NCBA,20/03/2023,33.25,34.05,30,33.5,70500
NCBA.csv,NCBA,27/03/2023,34,37.25,33.5,36.75,614900
NCBA.csv,NCBA,03/04/2023,36.75,37.8,36,36.4,484900
NCBA.csv,NCBA,11/04/2023,36.55,38,36.3,37,181000
NCBA.csv,NCBA,17/04/2023,38,39,37.05,39,1044700
NCBA.csv,NCBA,24/04/2023,38.1,41,37,38,5335200
NCBA.csv,NCBA,02/05/2023,38,38,33.05,34,91000
NCBA.csv,NCBA,08/05/2023,35,36.45,30.6,31.8,43000
NCBA.csv,NCBA,15/05/2023,31.5,34.5,30.5,34,377200
NCBA.csv,NCBA,22/05/2023,33.5,34.95,32.65,34.95,260900
NCBA.csv,NCBA,29/05/2023,34,37.85,34,37,351500
NCBA.csv,NCBA,05/06/2023,37,40,37,40,569300
NCBA.csv,NCBA,12/06/2023,39.55,40,37.5,39,712200
NCBA.csv,NCBA,19/06/2023,39,41,38,39.4,3484300
NCBA.csv,NCBA,26/06/2023,40.9,40.9,38,38.4,181800
NCBA.csv,NCBA,03/07/2023,39,40,38.1,39.4,136300
NCBA.csv,NCBA,10/07/2023,39.2,40,38.5,40,117500
NCBA.csv,NCBA,17/07/2023,40,40,38.5,38.5,69500
NCBA.csv,NCBA,24/07/2023,38.5,38.55,38,38.05,165700
NCBA.csv,NCBA,31/07/2023,38.2,42,38.2,42,758600
NCBA.csv,NCBA,07/08/2023,41,42,38.55,38.55,556100
NCBA.csv,NCBA,14/08/2023,38.55,40,38.55,38.55,477500
NCBA.csv,NCBA,21/08/2023,38.75,38.75,36,38.45,308000
NCBA.csv,NCBA,28/08/2023,38.55,41.9,38,40,2005000
NCBA.csv,NCBA,04/09/2023,41.8,41.8,39.5,39.95,384700
NCBA.csv,NCBA,11/09/2023,40.2,40.9,36.85,36.85,604100
NCBA.csv,NCBA,18/09/2023,37.5,38,36.85,37.15,63400
NCBA.csv,NCBA,25/09/2023,38,38,37,37.9,156500
NCBA.csv,NCBA,02/10/2023,37.9,39.5,37.3,38.95,115600
NCBA.csv,NCBA,09/10/2023,38.95,39.5,38.5,38.9,431000
NCBA.csv,NCBA,16/10/2023,37.5,40,37,40,101000
NCBA.csv,NCBA,23/10/2023,40,40,38,39,140300
NCBA.csv,NCBA,30/10/2023,39,40,37,38,147500
NCBA.csv,NCBA,06/11/2023,39.5,39.5,34.05,36.45,179900
NCBA.csv,NCBA,14/11/2023,34.2,36.45,34.2,36,85000
NCBA.csv,NCBA,20/11/2023,36.4,38.5,35.5,38.5,1010300
NCBA.csv,NCBA,27/11/2023,38.1,39.5,36.05,39,214500
NCBA.csv,NCBA,04/12/2023,39,40,36.3,38.9,204900
NCBA.csv,NCBA,11/12/2023,38.3,40,38,40,191700
NCBA.csv,NCBA,18/12/2023,41,41,38.3,41,422800
NCBA.csv,NCBA,27/12/2023,40.9,40.9,38.2,39,9500
NCBA.csv,NCBA,02/01/2024,38.2,38.95,36.5,38,18800
NCBA.csv,NCBA,08/01/2024,38.95,39,36.5,37.65,18400
NCBA.csv,NCBA,15/01/2024,38,38.95,35,37.5,80900
NCBA.csv,NCBA,22/01/2024,38,38,36.6,37.5,34600
NCBA.csv,NCBA,29/01/2024,37.1,38,37.1,38,97500
NCBA.csv,NCBA,05/02/2024,38,40,37,38.1,56300
NCBA.csv,NCBA,12/02/2024,37.5,39,36,37,58600
NCBA.csv,NCBA,19/02/2024,36.5,38.5,36.3,37.75,120000
NCBA.csv,NCBA,26/02/2024,39,40,37.5,39.1,272100
NCBA.csv,NCBA,04/03/2024,39.1,40,38,39.95,155200
NCBA.csv,NCBA,11/03/2024,39.95,42.9,39,42.9,207700
NCBA.csv,NCBA,18/03/2024,42,43,41.5,42.4,167300
NCBA.csv,NCBA,25/03/2024,42.4,46.5,42.3,44.5,458800
NCBA.csv,NCBA,02/04/2024,45,45.75,43,44.5,160700
NCBA.csv,NCBA,08/04/2024,45.75,45.75,43.05,44.3,425000
NCBA.csv,NCBA,15/04/2024,44.5,45.5,43,45,498700
NCBA.csv,NCBA,22/04/2024,44,45,42.6,44,173800
NCBA.csv,NCBA,29/04/2024,45,45,38.5,39.45,48900
NCBA.csv,NCBA,06/05/2024,39,39.75,36,38.1,126800
NCBA.csv,NCBA,13/05/2024,38.1,39.5,37.2,38.5,121000
NCBA.csv,NCBA,20/05/2024,38.5,41.5,38.2,41.5,72500
NCBA.csv,NCBA,27/05/2024,42,42.5,39,42,1373100
NCBA.csv,NCBA,03/06/2024,41.45,43.5,40.5,42.05,302500
NCBA.csv,NCBA,10/06/2024,42,43,39.9,39.9,293000
NCBA.csv,NCBA,17/06/2024,40.8,42.5,40,41,97100
NCBA.csv,NCBA,24/06/2024,41.2,41.2,39.5,41.2,199100
NCBA.csv,NCBA,01/07/2024,41.2,41.2,39.6,41.2,139600
NCBA.csv,NCBA,08/07/2024,41,42,40.85,41.2,752000
NCBA.csv,NCBA,15/07/2024,41,42,40.5,40.85,1597500
NCBA.csv,NCBA,22/07/2024,40.85,41.5,40.5,40.6,49000
NCBA.csv,NCBA,29/07/2024,40.7,41,39,39.95,111900
NCBA.csv,NCBA,05/08/2024,39.95,39.95,38,39.5,84700
NCBA.csv,NCBA,12/08/2024,39.5,39.5,38.55,39.2,642600
NCBA.csv,NCBA,19/08/2024,39,42.9,38.8,42.5,953500
NCBA.csv,NCBA,26/08/2024,41.9,45.2,41.9,43,531000
NCBA.csv,NCBA,02/09/2024,45,45.2,43,44.9,166000
NCBA.csv,NCBA,09/09/2024,44.5,44.5,39.5,40.5,567400
NCBA.csv,NCBA,16/09/2024,40.25,43.5,40,41.05,951100
NCBA.csv,NCBA,23/09/2024,42,43.5,41,42.9,71900
NCBA.csv,NCBA,30/09/2024,42.4,44.5,42.1,44,59700
NCBA.csv,NCBA,07/10/2024,44.3,44.5,41.75,44.4,135400
NCBA.csv,NCBA,14/10/2024,44.4,47,42.1,44,253500
NCBA.csv,NCBA,22/10/2024,43,44.8,43,44.7,93700
NCBA.csv,NCBA,28/10/2024,44.7,44.7,43.5,44,446700
NCBA.csv,NCBA,04/11/2024,44.3,45,42.5,43.5,1346800
NCBA.csv,NCBA,11/11/2024,44,44,42.95,43.5,329700
NCBA.csv,NCBA,18/11/2024,43.7,44.5,43.5,43.5,464200
NCBA.csv,NCBA,25/11/2024,43,45,40,42.5,310200
NCBA.csv,NCBA,02/12/2024,42.5,44.7,41.6,44.5,294600
NCBA.csv,NCBA,09/12/2024,43.45,46,42.75,44.9,315100
NCBA.csv,NCBA,16/12/2024,45,48,44,47,659200
NCBA.csv,NCBA,23/12/2024,45.6,48,45.6,48,42200
NCBA.csv,NCBA,30/12/2024,47.5,51.5,46.8,49.75,56600
NCBA.csv,NCBA,06/01/2025,50.5,51,46,47.8,724800
NCBA.csv,NCBA,13/01/2025,48.5,48.5,45.2,47.8,209800
NCBA.csv,NCBA,20/01/2025,47.8,50,47.5,49,396000
NCBA.csv,NCBA,27/01/2025,50,50,48,49,295100
NCBA.csv,NCBA,03/02/2025,48.55,49.9,47.85,48.5,230700
NCBA.csv,NCBA,10/02/2025,48.15,51,47.9,50,350500
NCBA.csv,NCBA,17/02/2025,50,50,48.9,49,483600
NCBA.csv,NCBA,24/02/2025,48.5,52,48,50,469100
NCBA.csv,NCBA,03/03/2025,50.5,56.5,50,51.5,168200
NCBA.csv,NCBA,10/03/2025,56,56.25,50,50.5,357000
NCBA.csv,NCBA,17/03/2025,52,55.5,51,53,364500
NCBA.csv,NCBA,24/03/2025,54.5,54.75,51.75,52.5,1020600
NCBA.csv,NCBA,01/04/2025,52.75,54.5,51.75,54,843900
NCBA.csv,NCBA,07/04/2025,54.75,54.75,51.25,54,174200
NCBA.csv,NCBA,14/04/2025,54.5,55,51.5,54,70900
NCBA.csv,NCBA,22/04/2025,55,55,52.25,54,50600
NCBA.csv,NCBA,28/04/2025,54.5,55,48.8,49.5,381200
NCBA.csv,NCBA,05/05/2025,48.7,50,48,50,236000
NCBA.csv,NCBA,12/05/2025,50,52,48.5,51,115400
NCBA.csv,NCBA,19/05/2025,50,54,50,53.75,295600
NCBA.csv,NCBA,26/05/2025,52,56,52,54.5,986200
NCBA.csv,NCBA,03/06/2025,54.5,56,54,54.5,937100
NCBA.csv,NCBA,09/06/2025,54,56,53,55.5,204300
NCBA.csv,NCBA,16/06/2025,56,56.5,54,56,328200
NCBA.csv,NCBA,23/06/2025,58,59,56,58.5,214700
NCBA.csv,NCBA,30/06/2025,59.5,65,59,62.75,435500
NCBA.csv,NCBA,07/07/2025,61.25,65,61.25,64,279200
NCBA.csv,NCBA,14/07/2025,64,64.5,62.5,62.75,540300
NCBA.csv,NCBA,21/07/2025,63,65,63,65,245300
NCBA.csv,NCBA,28/07/2025,66.5,67,62,63,601200
NCBA.csv,NCBA,04/08/2025,65,66.75,62,66.5,397360
NCBA.csv,NCBA,11/08/2025,66.5,67,64,65,148275
NCBA.csv,NCBA,18/08/2025,65,65,60.5,63.25,264796
NCBA.csv,NCBA,25/08/2025,62,66,62,65,730082
NCBA.csv,NCBA,01/09/2025,64,70,64,68,737226
NCBA.csv,NCBA,08/09/2025,68,75,66,73,731496
NCBA.csv,NCBA,15/09/2025,73,75,65,69.5,576667
NCBA.csv,NCBA,22/09/2025,66.5,71,65,70,800691
NCBA.csv,NCBA,29/09/2025,69.5,71,68.5,71,114892
NCBA.csv,NCBA,06/10/2025,70.25,71,68.75,69,289546
NCBA.csv,NCBA,13/10/2025,70,88.5,69,88.5,1238305
NCBA.csv,NCBA,21/10/2025,91.5,100,81.5,91.5,1159108
NCBA.csv,NCBA,27/10/2025,91.75,91.75,79,88,826528
NCBA.csv,NCBA,03/11/2025,89,90,80,86,1045789
NCBA.csv,NCBA,10/11/2025,86,87,82.25,83,862643
NCBA.csv,NCBA,17/11/2025,83.75,85,82.5,83.75,1602977
NCBA.csv,NCBA,24/11/2025,84,87.25,82,83,1210354
NCBA.csv,NCBA,01/12/2025,83,83,76.25,80,484271
NCBA.csv,NCBA,08/12/2025,76.5,80,76,80,396333
NCBA.csv,NCBA,15/12/2025,79.25,90,79.25,89,684211
NCBA.csv,NCBA,22/12/2025,89,89,83,83,658584
NCBA.csv,NCBA,29/12/2025,85,86.5,82.5,86,895921
NCBA.csv,NCBA,05/01/2026,85,90,84.5,89.25,984903
NCBA.csv,NCBA,12/01/2026,90,91,88,89.25,1987484
NCBA.csv,NCBA,19/01/2026,90,100,88.5,97.5,1009970
NCBA.csv,NCBA,26/01/2026,97.5,97.5,89,92,856871
NCBA.csv,NCBA,02/02/2026,91.25,93,90,92,1418671
NCBA.csv,NCBA,09/02/2026,92.25,93.75,88,89,6255366
NCBA.csv,NCBA,16/02/2026,89,90,87,88,2163790
NCBA.csv,NCBA,23/02/2026,88,93.5,87.25,93,980623
NCBA.csv,NCBA,02/03/2026,93.75,93.75,86.75,88,471759
NCBA.csv,NCBA,09/03/2026,88.25,90,87,89.5,2811010
NCBA.csv,NCBA,16/03/2026,89.5,96.75,88,92,301585
NCBA.csv,NCBA,23/03/2026,92,92,87,89,933611
NCBA.csv,NCBA,30/03/2026,90,92,89,90,137805
NCBA.csv,NCBA,07/04/2026,90,91,89.5,90.5,189832
NCBA.csv,NCBA,13/04/2026,90.5,92,89.5,90,420151
NCBA.csv,NCBA,20/04/2026,90,92,87.75,88.25,495601
NCBA.csv,NCBA,27/04/2026,89,89.75,87,89.5,304364
NCBA.csv,NCBA,04/05/2026,89.5,89.75,85,87.5,617920
NCBA.csv,NCBA,11/05/2026,87,90,87,88.25,833467
NCBA.csv,NCBA,18/05/2026,88.25,90,85,88.5,3353269
NCBA.csv,NCBA,25/05/2026,88.25,89.75,85.5,88,828524
NCBA.csv,NCBA,02/06/2026,88,91.75,86.5,89.5,3994963
NCBA.csv,NCBA,08/06/2026,89.25,91,87.75,90,247405
SBIC.csv,SBIC,14/09/2020,82.75,83,75,75,770200
SBIC.csv,SBIC,21/09/2020,75,82,75,76,349300
SBIC.csv,SBIC,28/09/2020,76.25,83,75,80,132500
SBIC.csv,SBIC,05/10/2020,80,86,80,84,10100
SBIC.csv,SBIC,12/10/2020,81.5,81.5,77,77,12100
SBIC.csv,SBIC,19/10/2020,84,84,80,80,1500
SBIC.csv,SBIC,26/10/2020,80,80,77,77,716000
SBIC.csv,SBIC,02/11/2020,81,81,75.25,80,121700
SBIC.csv,SBIC,09/11/2020,81,81,80,80,301400
SBIC.csv,SBIC,16/11/2020,76,83,76,83,1969800
SBIC.csv,SBIC,23/11/2020,83,83,79,79,538600
SBIC.csv,SBIC,30/11/2020,79,85,75.75,79.25,93300
SBIC.csv,SBIC,07/12/2020,79,79,75,76,59800
SBIC.csv,SBIC,14/12/2020,82.5,82.5,78,82,12600
SBIC.csv,SBIC,21/12/2020,80,85,79,79,9600
SBIC.csv,SBIC,28/12/2020,80,85,80,85,3500
SBIC.csv,SBIC,04/01/2021,85,85,79,79,1600
SBIC.csv,SBIC,11/01/2021,80.25,88.5,79,88.5,8800
SBIC.csv,SBIC,18/01/2021,88,88,72.25,77,34700
SBIC.csv,SBIC,25/01/2021,77.75,80,76,80,133800
SBIC.csv,SBIC,01/02/2021,79,79.5,79,79.5,363700
SBIC.csv,SBIC,08/02/2021,87,87.25,79.25,85,654800
SBIC.csv,SBIC,15/02/2021,82,84,75.25,84,471400
SBIC.csv,SBIC,22/02/2021,80,84,79.5,80,35800
SBIC.csv,SBIC,01/03/2021,82,84.5,82,84.5,229000
SBIC.csv,SBIC,08/03/2021,84.5,85,80,83,753100
SBIC.csv,SBIC,15/03/2021,83,87.5,83,85.25,202400
SBIC.csv,SBIC,22/03/2021,85.25,85.25,77,83.5,532700
SBIC.csv,SBIC,29/03/2021,82,83.5,81,83.5,7700
SBIC.csv,SBIC,05/04/2021,83.5,84.25,81,82,43700
SBIC.csv,SBIC,12/04/2021,81,84,81,84,404700
SBIC.csv,SBIC,19/04/2021,83.75,83.75,82.75,83,443500
SBIC.csv,SBIC,26/04/2021,83,83,76,83,24900
SBIC.csv,SBIC,03/05/2021,83,83,81,81,21900
SBIC.csv,SBIC,10/05/2021,83,83,81,83,149300
SBIC.csv,SBIC,17/05/2021,81,84,81,81,35700
SBIC.csv,SBIC,24/05/2021,81,83,78,78,203300
SBIC.csv,SBIC,31/05/2021,79,82,79,80,24900
SBIC.csv,SBIC,07/06/2021,80,82,80,80,56300
SBIC.csv,SBIC,14/06/2021,81,81,80,81,13700
SBIC.csv,SBIC,21/06/2021,83.5,83.5,81,81.25,3100
SBIC.csv,SBIC,28/06/2021,84,84,81,83,6300
SBIC.csv,SBIC,05/07/2021,81.25,81.25,80,80,3200
SBIC.csv,SBIC,12/07/2021,80,84,80,84,6100
SBIC.csv,SBIC,19/07/2021,84,90,84,90,3900
SBIC.csv,SBIC,26/07/2021,85,90,85,85,4700
SBIC.csv,SBIC,02/08/2021,85,93,85,93,75800
SBIC.csv,SBIC,09/08/2021,92.5,92.5,86,86,45300
SBIC.csv,SBIC,16/08/2021,90,94.5,90,94,6900
SBIC.csv,SBIC,23/08/2021,91.25,96,91.25,95,8000
SBIC.csv,SBIC,30/08/2021,95,99,91,94,10200
SBIC.csv,SBIC,06/09/2021,93,93,82,85.5,20800
SBIC.csv,SBIC,13/09/2021,90.5,91,90.5,91,400
SBIC.csv,SBIC,20/09/2021,89.75,92,89.75,92,783900
SBIC.csv,SBIC,27/09/2021,92,92,90,92,559200
SBIC.csv,SBIC,04/10/2021,94.75,94.75,86.25,86.25,39800
SBIC.csv,SBIC,11/10/2021,86.25,86.25,86,86,1100
SBIC.csv,SBIC,18/10/2021,86,90,86,90,6200
SBIC.csv,SBIC,25/10/2021,90,94,90,94,3700
SBIC.csv,SBIC,01/11/2021,90,95,87,88,253300
SBIC.csv,SBIC,08/11/2021,87.5,94,87,94,12500
SBIC.csv,SBIC,15/11/2021,90,94,90,90.5,2617500
SBIC.csv,SBIC,22/11/2021,91.75,93,91,91,500
SBIC.csv,SBIC,29/11/2021,93,94,90.5,90.5,1489900
SBIC.csv,SBIC,06/12/2021,87,92.25,87,92.25,9000
SBIC.csv,SBIC,13/12/2021,92,92.5,86.25,92.5,220900
SBIC.csv,SBIC,20/12/2021,92,95,92,92,97600
SBIC.csv,SBIC,27/12/2021,86.75,88,86.75,87,4900
SBIC.csv,SBIC,03/01/2022,87,87,87,87,7300
SBIC.csv,SBIC,10/01/2022,87.5,94,87,87,112500
SBIC.csv,SBIC,17/01/2022,87,94,87,87,19700
SBIC.csv,SBIC,24/01/2022,87,92,87,92,300
SBIC.csv,SBIC,31/01/2022,90,91.5,87.25,87.25,899900
SBIC.csv,SBIC,07/02/2022,87.5,95,87.25,94,10200
SBIC.csv,SBIC,14/02/2022,92.5,97,92.5,97,559200
SBIC.csv,SBIC,21/02/2022,95,95,90,95,3200
SBIC.csv,SBIC,28/02/2022,95,100,94,100,18700
SBIC.csv,SBIC,07/03/2022,99.5,100,95,100,709300
SBIC.csv,SBIC,14/03/2022,100,100,98,100,521600
SBIC.csv,SBIC,21/03/2022,100,105,100,103,441400
SBIC.csv,SBIC,28/03/2022,100,104.75,100,104.75,2617000
SBIC.csv,SBIC,04/04/2022,104,104,104,104,1300
SBIC.csv,SBIC,11/04/2022,104,104.75,103.5,104.75,6600
SBIC.csv,SBIC,19/04/2022,104.5,106,100,100,396200
SBIC.csv,SBIC,25/04/2022,104.25,105.75,100,105.75,393000
SBIC.csv,SBIC,04/05/2022,105.25,105.5,105,105.5,54500
SBIC.csv,SBIC,09/05/2022,105.5,106,98,98,257500
SBIC.csv,SBIC,16/05/2022,104,104,98,104,78400
SBIC.csv,SBIC,23/05/2022,101.75,108,100,105,9935000
SBIC.csv,SBIC,30/05/2022,104.75,105,94.5,105,9300
SBIC.csv,SBIC,06/06/2022,104,104,94.5,101.5,6200
SBIC.csv,SBIC,13/06/2022,95,101.5,92.75,100.25,1100
SBIC.csv,SBIC,20/06/2022,100,100,90.25,90.25,3900
SBIC.csv,SBIC,27/06/2022,90.25,99,90,99,5500
SBIC.csv,SBIC,04/07/2022,99,99,99,99,100
SBIC.csv,SBIC,12/07/2022,100,100,90,90,500
SBIC.csv,SBIC,18/07/2022,92,106,92,106,2300
SBIC.csv,SBIC,25/07/2022,100,100,90,95.5,45600
SBIC.csv,SBIC,01/08/2022,95.75,99,95,96,29700
SBIC.csv,SBIC,08/08/2022,96,99.25,96,99.25,6200
SBIC.csv,SBIC,15/08/2022,99,99,99,99,3000
SBIC.csv,SBIC,22/08/2022,99,99.5,98,99,12900
SBIC.csv,SBIC,29/08/2022,99,100,98,100,24100
SBIC.csv,SBIC,05/09/2022,96,100,93,100,13700
SBIC.csv,SBIC,12/09/2022,98,98,93.5,97,355000
SBIC.csv,SBIC,19/09/2022,97,100,93.5,99,482700
SBIC.csv,SBIC,26/09/2022,100,100,99,100,3500
SBIC.csv,SBIC,03/10/2022,93,100,93,97,3600
SBIC.csv,SBIC,11/10/2022,96,97.25,95,97.25,19000
SBIC.csv,SBIC,17/10/2022,97,99,97,98,3100
SBIC.csv,SBIC,24/10/2022,99,100,95,100,9400
SBIC.csv,SBIC,31/10/2022,98,102,95,95,44300
SBIC.csv,SBIC,07/11/2022,96.25,100,96,100,1900
SBIC.csv,SBIC,14/11/2022,100,100,97.5,97.5,25600
SBIC.csv,SBIC,21/11/2022,99,99,95,96,10500
SBIC.csv,SBIC,28/11/2022,96,98,90,98,46000
SBIC.csv,SBIC,05/12/2022,95,97.5,92,92,38000
SBIC.csv,SBIC,13/12/2022,92.25,98,92,98,1100
SBIC.csv,SBIC,19/12/2022,97.5,98,95,98,509400
SBIC.csv,SBIC,27/12/2022,98,102,98,102,1300
SBIC.csv,SBIC,03/01/2023,102,108,100,108,1600
SBIC.csv,SBIC,09/01/2023,107,110,107,108.5,776500
SBIC.csv,SBIC,16/01/2023,108.75,112,108.75,112,103200
SBIC.csv,SBIC,23/01/2023,109.5,114,109.5,112,20000
SBIC.csv,SBIC,30/01/2023,110,112,109,112,12000
SBIC.csv,SBIC,06/02/2023,110.75,112,110.75,112,113600
SBIC.csv,SBIC,13/02/2023,111.75,111.75,110.5,111,931600
SBIC.csv,SBIC,20/02/2023,111,111,109,109,9800
SBIC.csv,SBIC,27/02/2023,109,109,100,100,14000
SBIC.csv,SBIC,06/03/2023,107,114,105,108,26700
SBIC.csv,SBIC,13/03/2023,110,112,108,112,19500
SBIC.csv,SBIC,20/03/2023,115,115,108,109,20700
SBIC.csv,SBIC,27/03/2023,108,112,105,112,283000
SBIC.csv,SBIC,03/04/2023,110,118,107,112,507500
SBIC.csv,SBIC,11/04/2023,108,112,108,111.5,7900
SBIC.csv,SBIC,17/04/2023,113,117,111,117,4100
SBIC.csv,SBIC,24/04/2023,110.25,118,110.25,116,31000
SBIC.csv,SBIC,02/05/2023,116,119,112,118,11100
SBIC.csv,SBIC,08/05/2023,118,118,112,112,32800
SBIC.csv,SBIC,15/05/2023,112,112,110,110,664100
SBIC.csv,SBIC,22/05/2023,109.5,109.5,95,98.25,15300
SBIC.csv,SBIC,29/05/2023,101,109,101,109,39900
SBIC.csv,SBIC,05/06/2023,110,111,106,110,532500
SBIC.csv,SBIC,12/06/2023,110,115,105,112,1197100
SBIC.csv,SBIC,19/06/2023,111,112,105,106,49400
SBIC.csv,SBIC,26/06/2023,112,112,111,111,1900
SBIC.csv,SBIC,03/07/2023,112,120,111,120,125400
SBIC.csv,SBIC,10/07/2023,120,121,116,120,512800
SBIC.csv,SBIC,17/07/2023,118,132,118,118,5300
SBIC.csv,SBIC,24/07/2023,119,120,119,120,762400
SBIC.csv,SBIC,31/07/2023,120,122,120,120,1400
SBIC.csv,SBIC,07/08/2023,116,122,115,121.75,24500
SBIC.csv,SBIC,14/08/2023,119.5,124.75,115,115,154400
SBIC.csv,SBIC,21/08/2023,115,116,110,114,129500
SBIC.csv,SBIC,28/08/2023,110,114,110,111,26600
SBIC.csv,SBIC,04/09/2023,111,114,106,112,151600
SBIC.csv,SBIC,11/09/2023,110,112,110,110.5,215600
SBIC.csv,SBIC,18/09/2023,112.5,121.5,110.5,111,10900
SBIC.csv,SBIC,25/09/2023,111.75,120.75,111,115,7200
SBIC.csv,SBIC,02/10/2023,116,121,110,115,5600
SBIC.csv,SBIC,09/10/2023,115,115,109.25,115,900
SBIC.csv,SBIC,16/10/2023,115,119.75,109,109,323000
SBIC.csv,SBIC,23/10/2023,112,112,105.5,109,11100
SBIC.csv,SBIC,30/10/2023,108,109,104.25,105,9400
SBIC.csv,SBIC,06/11/2023,105,105,100,100,12800
SBIC.csv,SBIC,14/11/2023,102,105,100.5,104.25,4900
SBIC.csv,SBIC,20/11/2023,103,110,101,110,39000
SBIC.csv,SBIC,27/11/2023,110,110,100.25,109,729800
SBIC.csv,SBIC,04/12/2023,109,109,104,108.75,411300
SBIC.csv,SBIC,11/12/2023,108.75,108.75,105,105,10000
SBIC.csv,SBIC,18/12/2023,105.25,108.5,104.5,105,59300
SBIC.csv,SBIC,27/12/2023,107,109,106.5,109,3900
SBIC.csv,SBIC,02/01/2024,109,115,102,110,7100
SBIC.csv,SBIC,08/01/2024,110,112,100,111.5,31800
SBIC.csv,SBIC,15/01/2024,111.75,112,110,110,3500
SBIC.csv,SBIC,22/01/2024,110,111,106,110,418400
SBIC.csv,SBIC,29/01/2024,112,115,106,110,337800
SBIC.csv,SBIC,05/02/2024,111,115,110,115,189300
SBIC.csv,SBIC,12/02/2024,115,115,113,114,5900
SBIC.csv,SBIC,19/02/2024,115,115,110.25,110.25,27600
SBIC.csv,SBIC,26/02/2024,110.25,115,105,115,122500
SBIC.csv,SBIC,04/03/2024,115,125,110,119.75,15500
SBIC.csv,SBIC,11/03/2024,120,120.75,111,118,41600
SBIC.csv,SBIC,18/03/2024,120,125,118,123,17100
SBIC.csv,SBIC,25/03/2024,120,130,120,130,92300
SBIC.csv,SBIC,02/04/2024,130,130,125,125,3700
SBIC.csv,SBIC,08/04/2024,127,127,115,115,530100
SBIC.csv,SBIC,15/04/2024,117,119.75,111.25,111.25,176900
SBIC.csv,SBIC,22/04/2024,112.5,120,112.5,120,150600
SBIC.csv,SBIC,29/04/2024,120.25,127,118,122,88500
SBIC.csv,SBIC,06/05/2024,125,126,120,125,851500
SBIC.csv,SBIC,13/05/2024,125,126,120,126,117000
SBIC.csv,SBIC,20/05/2024,112.5,114,107,109,205700
SBIC.csv,SBIC,27/05/2024,110,112,108,111,477400
SBIC.csv,SBIC,03/06/2024,110,119,108,119,505500
SBIC.csv,SBIC,10/06/2024,119,119,112,116,1609900
SBIC.csv,SBIC,17/06/2024,116,116.25,110,114,111400
SBIC.csv,SBIC,24/06/2024,114,115.5,110,114,14000
SBIC.csv,SBIC,01/07/2024,114.75,115,110,112,192900
SBIC.csv,SBIC,08/07/2024,114.5,116,113.25,115,670600
SBIC.csv,SBIC,15/07/2024,115,117,113.5,116,35900
SBIC.csv,SBIC,22/07/2024,116,116,114,116,24500
SBIC.csv,SBIC,29/07/2024,115,120,115,116.25,48500
SBIC.csv,SBIC,05/08/2024,116.5,124,116,124,222000
SBIC.csv,SBIC,12/08/2024,115,120,115,116,88000
SBIC.csv,SBIC,19/08/2024,119,125,115,123.5,110000
SBIC.csv,SBIC,26/08/2024,123,123,119.75,119.75,20700
SBIC.csv,SBIC,02/09/2024,124,124,112,121.25,8100
SBIC.csv,SBIC,09/09/2024,121.75,122,115,120,395200
SBIC.csv,SBIC,16/09/2024,120,122,115,116,22400
SBIC.csv,SBIC,23/09/2024,116,124,115,122,123700
SBIC.csv,SBIC,30/09/2024,116,127,116,119,13900
SBIC.csv,SBIC,07/10/2024,119,122,116,122,78600
SBIC.csv,SBIC,14/10/2024,120.5,125,120.5,122.75,68300
SBIC.csv,SBIC,22/10/2024,122.5,126,122,125,28500
SBIC.csv,SBIC,28/10/2024,125.5,129.75,125.5,127.5,26100
SBIC.csv,SBIC,04/11/2024,132,134,128,134,243800
SBIC.csv,SBIC,11/11/2024,134,137,132,136,43300
SBIC.csv,SBIC,18/11/2024,135.25,136,125,129,55800
SBIC.csv,SBIC,25/11/2024,129,135,127,128,528100
SBIC.csv,SBIC,02/12/2024,128,130,128,130,513800
SBIC.csv,SBIC,09/12/2024,128.25,134,127,134,21900
SBIC.csv,SBIC,16/12/2024,136,136,129.75,136,15000
SBIC.csv,SBIC,23/12/2024,134.75,140,134.75,140,12900
SBIC.csv,SBIC,30/12/2024,140,144.75,135.25,144.75,26200
SBIC.csv,SBIC,06/01/2025,145,162,136,155,431800
SBIC.csv,SBIC,13/01/2025,156.75,156.75,140,140,12700
SBIC.csv,SBIC,20/01/2025,141,143,135,140,1022200
SBIC.csv,SBIC,27/01/2025,140,145,138,138.25,1310300
SBIC.csv,SBIC,03/02/2025,140,145,140,143.5,22500
SBIC.csv,SBIC,10/02/2025,149.75,150,145,150,121100
SBIC.csv,SBIC,17/02/2025,148,150,145,148,152800
SBIC.csv,SBIC,24/02/2025,148,159,148,152.25,266600
SBIC.csv,SBIC,03/03/2025,154,170,154,167,440900
SBIC.csv,SBIC,10/03/2025,167.5,169.75,160,162,80300
SBIC.csv,SBIC,17/03/2025,163,165,159.5,160,348600
SBIC.csv,SBIC,24/03/2025,162,165,159,164,207400
SBIC.csv,SBIC,01/04/2025,165,169.75,162,165.5,1247700
SBIC.csv,SBIC,07/04/2025,168,168,160,165.75,70400
SBIC.csv,SBIC,14/04/2025,166,181.5,163,173,21500
SBIC.csv,SBIC,22/04/2025,174,179.75,172,172,29600
SBIC.csv,SBIC,28/04/2025,172.25,178,170,173,48000
SBIC.csv,SBIC,05/05/2025,173,173,162,170,117800
SBIC.csv,SBIC,12/05/2025,170,170,169,169.5,685200
SBIC.csv,SBIC,19/05/2025,154.75,158,147,147,663200
SBIC.csv,SBIC,26/05/2025,151.75,154,150,152,538300
SBIC.csv,SBIC,03/06/2025,166,166,152,156,1277800
SBIC.csv,SBIC,09/06/2025,154,168,152,161.75,821700
SBIC.csv,SBIC,16/06/2025,162,162,159,161,2048900
SBIC.csv,SBIC,23/06/2025,161,162,160,161.5,112100
SBIC.csv,SBIC,30/06/2025,165,180,162,176,83200
SBIC.csv,SBIC,07/07/2025,180,182,170,170,53000
SBIC.csv,SBIC,14/07/2025,174,177.75,169,177.25,324300
SBIC.csv,SBIC,21/07/2025,177.25,177.25,171.75,177,109000
SBIC.csv,SBIC,28/07/2025,177,180,174,178.75,365300
SBIC.csv,SBIC,04/08/2025,178,185,177,184,149435
SBIC.csv,SBIC,11/08/2025,185,187,181,183.75,41761
SBIC.csv,SBIC,18/08/2025,184,185,182,183.75,471872
SBIC.csv,SBIC,25/08/2025,183,186,170,183.5,437352
SBIC.csv,SBIC,01/09/2025,184,187,179,180,896680
SBIC.csv,SBIC,08/09/2025,183.5,198.25,179.5,180,135378
SBIC.csv,SBIC,15/09/2025,182,190,180,183,1309017
SBIC.csv,SBIC,22/09/2025,183,185,179,184,229850
SBIC.csv,SBIC,29/09/2025,189.75,202.5,182,192,126337
SBIC.csv,SBIC,06/10/2025,197.5,202,195,198,33073
SBIC.csv,SBIC,13/10/2025,198.5,200,191,199,120661
SBIC.csv,SBIC,21/10/2025,199,199,196,197,649096
SBIC.csv,SBIC,27/10/2025,197,199,195,195,124046
SBIC.csv,SBIC,03/11/2025,197,198,190.75,195,164438
SBIC.csv,SBIC,10/11/2025,195,195,193.5,194.5,87999
SBIC.csv,SBIC,17/11/2025,194.5,195,187,190,229468
SBIC.csv,SBIC,24/11/2025,190,190,180,183,78266
SBIC.csv,SBIC,01/12/2025,183,199,182,197.5,97365
SBIC.csv,SBIC,08/12/2025,197,200,182,195,268853
SBIC.csv,SBIC,15/12/2025,195,198,191,196,204854
SBIC.csv,SBIC,22/12/2025,197,198,195,197.75,16072
SBIC.csv,SBIC,29/12/2025,197.75,198,197,198,20438
SBIC.csv,SBIC,05/01/2026,198,199.75,197,197.75,356586
SBIC.csv,SBIC,12/01/2026,197.75,206,197.5,198,557641
SBIC.csv,SBIC,19/01/2026,200,206,196,198,2649377
SBIC.csv,SBIC,26/01/2026,198,206,196,198,1223717
SBIC.csv,SBIC,02/02/2026,198,217.5,197.5,205.25,1903827
SBIC.csv,SBIC,09/02/2026,210,247.5,205,241.75,801523
SBIC.csv,SBIC,16/02/2026,242,257.5,238,250,5295988
SBIC.csv,SBIC,23/02/2026,250,260,242,257.5,279111
SBIC.csv,SBIC,02/03/2026,258,259,245,257.75,602867
SBIC.csv,SBIC,09/03/2026,255,270,250,260,462707
SBIC.csv,SBIC,16/03/2026,261,262,258,260,652324
SBIC.csv,SBIC,23/03/2026,260,270,256.75,258,1644056
SBIC.csv,SBIC,30/03/2026,258,279.75,256,275,40466
SBIC.csv,SBIC,07/04/2026,275,300,261.25,280,68996
SBIC.csv,SBIC,13/04/2026,280,298,280,289,138941
SBIC.csv,SBIC,20/04/2026,296,296,284,287,21859
SBIC.csv,SBIC,27/04/2026,287,295,270,291,40784
SBIC.csv,SBIC,04/05/2026,295,295,275,291,726799
SBIC.csv,SBIC,11/05/2026,291,299.75,285,295,251760
SBIC.csv,SBIC,18/05/2026,289.75,289.75,272,272,36823
SBIC.csv,SBIC,25/05/2026,285,285,265,270,182492
SBIC.csv,SBIC,02/06/2026,270,295,267,285,211984
SBIC.csv,SBIC,08/06/2026,285,294,283.25,285,8680
SCBK.csv,SCBK,14/09/2020,169,169,160,163,60200
SCBK.csv,SCBK,21/09/2020,160,164,150,160,31000
SCBK.csv,SCBK,28/09/2020,161.75,169.75,158,160,32300
SCBK.csv,SCBK,05/10/2020,159,169,159,164,22600
SCBK.csv,SCBK,12/10/2020,160,162,152.25,160,14400
SCBK.csv,SCBK,19/10/2020,160,160,152,152.5,24600
SCBK.csv,SCBK,26/10/2020,152.75,160,152.75,160,19000
SCBK.csv,SCBK,02/11/2020,159.75,160,154,154,11300
SCBK.csv,SCBK,09/11/2020,156,160,145,160,31600
SCBK.csv,SCBK,16/11/2020,160,160,147,150,23300
SCBK.csv,SCBK,23/11/2020,150.5,151,145,150,26200
SCBK.csv,SCBK,30/11/2020,150,150,148,148,34400
SCBK.csv,SCBK,07/12/2020,150,159.5,145,150,131100
SCBK.csv,SCBK,14/12/2020,150,150,146.5,147,126100
SCBK.csv,SCBK,21/12/2020,147,147.5,144.75,145,208000
SCBK.csv,SCBK,28/12/2020,145,145,143,143.5,78500
SCBK.csv,SCBK,04/01/2021,148.75,148.75,135,140,222900
SCBK.csv,SCBK,11/01/2021,140,142,139,139.25,82700
SCBK.csv,SCBK,18/01/2021,139.25,140.25,138.25,140,137800
SCBK.csv,SCBK,25/01/2021,140,140,137.5,139,61600
SCBK.csv,SCBK,01/02/2021,138.5,140,135,137,602700
SCBK.csv,SCBK,08/02/2021,137,138,134.75,135,633600
SCBK.csv,SCBK,15/02/2021,135.5,135.5,134.75,135,478800
SCBK.csv,SCBK,22/02/2021,135,135,134.5,134.75,380500
SCBK.csv,SCBK,01/03/2021,134.75,134.75,134.25,134.5,195300
SCBK.csv,SCBK,08/03/2021,134.75,134.75,134,134.5,112100
SCBK.csv,SCBK,15/03/2021,134.5,134.5,132,133,144600
SCBK.csv,SCBK,22/03/2021,133,150,133,144.5,441900
SCBK.csv,SCBK,29/03/2021,140,143,140,142,88200
SCBK.csv,SCBK,05/04/2021,143,145.75,141,143,66000
SCBK.csv,SCBK,12/04/2021,143.5,146,142.25,142.75,109100
SCBK.csv,SCBK,19/04/2021,142.75,142.75,140.5,140.5,552500
SCBK.csv,SCBK,26/04/2021,141,142,133,133.5,224700
SCBK.csv,SCBK,03/05/2021,134.75,135,131,131.75,276700
SCBK.csv,SCBK,10/05/2021,132,132,131.25,132,90700
SCBK.csv,SCBK,17/05/2021,132,132,130,131.75,98200
SCBK.csv,SCBK,24/05/2021,131.5,132,129.75,130,328600
SCBK.csv,SCBK,31/05/2021,130,132,129.5,129.75,178100
SCBK.csv,SCBK,07/06/2021,130,130,129.5,130,357900
SCBK.csv,SCBK,14/06/2021,130,130,129.25,129.75,141900
SCBK.csv,SCBK,21/06/2021,130,130,127,130,296300
SCBK.csv,SCBK,28/06/2021,130,131,129.5,130,183300
SCBK.csv,SCBK,05/07/2021,130,132,129,129.5,603100
SCBK.csv,SCBK,12/07/2021,129.5,132,129,129.5,404000
SCBK.csv,SCBK,19/07/2021,132,132,129.25,129.5,168700
SCBK.csv,SCBK,26/07/2021,129.25,132,129.25,129.25,211600
SCBK.csv,SCBK,02/08/2021,132,139,129.5,131,746400
SCBK.csv,SCBK,09/08/2021,131.75,136,130.25,131,1058000
SCBK.csv,SCBK,16/08/2021,130.75,137,130,137,515000
SCBK.csv,SCBK,23/08/2021,134,142,134,139,220800
SCBK.csv,SCBK,30/08/2021,140,142,135.25,137,138800
SCBK.csv,SCBK,06/09/2021,136.25,136.25,133.25,134,67300
SCBK.csv,SCBK,13/09/2021,135.75,135.75,130,135,38100
SCBK.csv,SCBK,20/09/2021,135.75,135.75,129.5,130,184800
SCBK.csv,SCBK,27/09/2021,130,135,129.5,130,203400
SCBK.csv,SCBK,04/10/2021,132,135,128.5,129,140800
SCBK.csv,SCBK,11/10/2021,129,130,128,129.25,163000
SCBK.csv,SCBK,18/10/2021,129,130,129,130,58400
SCBK.csv,SCBK,25/10/2021,129.25,131,129,129.75,34900
SCBK.csv,SCBK,01/11/2021,129.75,130,128.75,130,94900
SCBK.csv,SCBK,08/11/2021,129.5,141,129,129,77500
SCBK.csv,SCBK,15/11/2021,129.5,134,128.5,129,357500
SCBK.csv,SCBK,22/11/2021,129,129,127,127.75,320100
SCBK.csv,SCBK,29/11/2021,128.5,133,127.75,128.75,295800
SCBK.csv,SCBK,06/12/2021,129,130,123,127,244100
SCBK.csv,SCBK,13/12/2021,127,127,126,126.5,158100
SCBK.csv,SCBK,20/12/2021,128.25,128.25,126.5,128,94900
SCBK.csv,SCBK,27/12/2021,128.25,129,127.5,128.5,73500
SCBK.csv,SCBK,03/01/2022,130,133,129.5,130,145900
SCBK.csv,SCBK,10/01/2022,132.25,132.25,129,129.5,69600
SCBK.csv,SCBK,17/01/2022,129.5,135,129.5,130.5,22500
SCBK.csv,SCBK,24/01/2022,131,135,130.5,131.25,77300
SCBK.csv,SCBK,31/01/2022,132,137.5,131.5,136,24000
SCBK.csv,SCBK,07/02/2022,135.75,139,135.75,138,56100
SCBK.csv,SCBK,14/02/2022,137,137.5,133,134.25,10400
SCBK.csv,SCBK,21/02/2022,135,137,132,132,49300
SCBK.csv,SCBK,28/02/2022,132.5,134.75,131.75,132,1264400
SCBK.csv,SCBK,07/03/2022,132,135,130.75,130.75,1291400
SCBK.csv,SCBK,14/03/2022,137,142,137,141,427600
SCBK.csv,SCBK,21/03/2022,141,144,139.5,142,2880400
SCBK.csv,SCBK,28/03/2022,142,145,141.5,143.5,286500
SCBK.csv,SCBK,04/04/2022,143.25,144,142.75,143.5,148000
SCBK.csv,SCBK,11/04/2022,144,148.75,142.25,145,318000
SCBK.csv,SCBK,19/04/2022,144.5,148,144,145,587200
SCBK.csv,SCBK,25/04/2022,145,145,128.25,128.25,255100
SCBK.csv,SCBK,04/05/2022,128,128.5,121,124.25,56700
SCBK.csv,SCBK,09/05/2022,125,126,124.5,124.5,296400
SCBK.csv,SCBK,16/05/2022,124.75,124.75,123,124,188800
SCBK.csv,SCBK,23/05/2022,125,125,123.75,124,221500
SCBK.csv,SCBK,30/05/2022,124,124.5,123.5,123.75,222900
SCBK.csv,SCBK,06/06/2022,123.75,126,123.5,124,169300
SCBK.csv,SCBK,13/06/2022,124,126,123.5,124,138100
SCBK.csv,SCBK,20/06/2022,124,126,123.25,126,66900
SCBK.csv,SCBK,27/06/2022,126,130,123.5,124,691500
SCBK.csv,SCBK,04/07/2022,124,135.75,123.75,130,1174100
SCBK.csv,SCBK,12/07/2022,134,134,130,130.5,38300
SCBK.csv,SCBK,18/07/2022,130.75,132,130,132,103300
SCBK.csv,SCBK,25/07/2022,133,138.75,132,132.75,189000
SCBK.csv,SCBK,01/08/2022,135,143,133,135.25,247000
SCBK.csv,SCBK,08/08/2022,140,142,135.25,139.25,110000
SCBK.csv,SCBK,15/08/2022,139.25,141,133,138.5,163500
SCBK.csv,SCBK,22/08/2022,138.5,138.75,134.25,136,136100
SCBK.csv,SCBK,29/08/2022,136,137,135.5,136,62400
SCBK.csv,SCBK,05/09/2022,136.75,145,136,140,282300
SCBK.csv,SCBK,12/09/2022,140,140,136,138,100800
SCBK.csv,SCBK,19/09/2022,136,139,136,138,30300
SCBK.csv,SCBK,26/09/2022,137,137,136.25,136.5,64600
SCBK.csv,SCBK,03/10/2022,138.75,138.75,134.25,134.25,233000
SCBK.csv,SCBK,11/10/2022,134.5,138.75,134,138.5,27200
SCBK.csv,SCBK,17/10/2022,138.25,138.75,137,138.5,34700
SCBK.csv,SCBK,24/10/2022,138.75,142,138,138,61200
SCBK.csv,SCBK,31/10/2022,137,140,135,135,55400
SCBK.csv,SCBK,07/11/2022,136,138,135,137,31400
SCBK.csv,SCBK,14/11/2022,138.5,139.75,137.25,139.25,105200
SCBK.csv,SCBK,21/11/2022,139,143,139,142.75,62900
SCBK.csv,SCBK,28/11/2022,141.5,146.5,141.5,146,77800
SCBK.csv,SCBK,05/12/2022,146,147,145,145,749900
SCBK.csv,SCBK,13/12/2022,146,148.25,134,134,125400
SCBK.csv,SCBK,19/12/2022,140,143.75,136,143.75,29800
SCBK.csv,SCBK,27/12/2022,140,145,140,143,12200
SCBK.csv,SCBK,03/01/2023,143,152,143,151,107600
SCBK.csv,SCBK,09/01/2023,160,160,151.5,158,67400
SCBK.csv,SCBK,16/01/2023,156.25,158,153.75,155,106200
SCBK.csv,SCBK,23/01/2023,155,159,153,157,249800
SCBK.csv,SCBK,30/01/2023,157,159,157,157,512700
SCBK.csv,SCBK,06/02/2023,157,165,157,159,330500
SCBK.csv,SCBK,13/02/2023,160,168,158.25,161,24900
SCBK.csv,SCBK,20/02/2023,161.25,167,161,163.5,33800
SCBK.csv,SCBK,27/02/2023,163.5,166.75,160,164,119600
SCBK.csv,SCBK,06/03/2023,164,168,163,167,276200
SCBK.csv,SCBK,13/03/2023,167.5,169.25,163.25,167,1151700
SCBK.csv,SCBK,20/03/2023,167,170,165,170,526200
SCBK.csv,SCBK,27/03/2023,167,170,167,169.75,31300
SCBK.csv,SCBK,03/04/2023,171,172,168,169,55800
SCBK.csv,SCBK,11/04/2023,169,172.5,167.75,170,108500
SCBK.csv,SCBK,17/04/2023,170,172,165,170,210700
SCBK.csv,SCBK,24/04/2023,164,164,135.25,147.75,45300
SCBK.csv,SCBK,02/05/2023,148,148,141,141,76300
SCBK.csv,SCBK,08/05/2023,143,143,134,134,122200
SCBK.csv,SCBK,15/05/2023,136,143,136,140,464100
SCBK.csv,SCBK,22/05/2023,141,150,140,150,168800
SCBK.csv,SCBK,29/05/2023,150,160,145,158.75,30800
SCBK.csv,SCBK,05/06/2023,159,161,155,160,160800
SCBK.csv,SCBK,12/06/2023,160,162.75,159,160.25,169600
SCBK.csv,SCBK,19/06/2023,160,162,160,162,49700
SCBK.csv,SCBK,26/06/2023,162,162,160,160.75,51700
SCBK.csv,SCBK,03/07/2023,160.5,163,160,162,235600
SCBK.csv,SCBK,10/07/2023,162,162,161,161.5,95600
SCBK.csv,SCBK,17/07/2023,162,163,161,162.5,69600
SCBK.csv,SCBK,24/07/2023,162.5,170,162.5,165,365700
SCBK.csv,SCBK,31/07/2023,165.5,166,164.25,165.5,72900
SCBK.csv,SCBK,07/08/2023,166,166.5,163,165,105300
SCBK.csv,SCBK,14/08/2023,166,166,147,150,153700
SCBK.csv,SCBK,21/08/2023,159.25,162,157,159,33900
SCBK.csv,SCBK,28/08/2023,159,160,158,160,93200
SCBK.csv,SCBK,04/09/2023,160,163,158.5,162,77500
SCBK.csv,SCBK,11/09/2023,162,163,159.5,160,43500
SCBK.csv,SCBK,18/09/2023,160,165,160,165,98900
SCBK.csv,SCBK,25/09/2023,163,165,160,164,99800
SCBK.csv,SCBK,02/10/2023,165,165,160,160,112400
SCBK.csv,SCBK,09/10/2023,160,164.75,155,160,252300
SCBK.csv,SCBK,16/10/2023,160,164,157,160,228400
SCBK.csv,SCBK,23/10/2023,160,160,155,155,38900
SCBK.csv,SCBK,30/10/2023,159,159,155,155,47000
SCBK.csv,SCBK,06/11/2023,151.25,156,149.75,152,44300
SCBK.csv,SCBK,14/11/2023,154.5,157,152,156.75,74200
SCBK.csv,SCBK,20/11/2023,156.5,169.75,155,159.75,45300
SCBK.csv,SCBK,27/11/2023,159,160,154,159,71900
SCBK.csv,SCBK,04/12/2023,159,165,158,164,33500
SCBK.csv,SCBK,11/12/2023,164,164,152,155,66500
SCBK.csv,SCBK,18/12/2023,155,162,152,161.75,23600
SCBK.csv,SCBK,27/12/2023,161.75,162,160,161.75,8500
SCBK.csv,SCBK,02/01/2024,160.25,165,160,164,45200
SCBK.csv,SCBK,08/01/2024,164,165,160,162,24000
SCBK.csv,SCBK,15/01/2024,164.5,165,152,164,50100
SCBK.csv,SCBK,22/01/2024,163,165,158,160,50800
SCBK.csv,SCBK,29/01/2024,160,163,160,162,34700
SCBK.csv,SCBK,05/02/2024,161,169,160,165,52900
SCBK.csv,SCBK,12/02/2024,165,169.75,162.25,163.25,15200
SCBK.csv,SCBK,19/02/2024,163,165,163,164,57600
SCBK.csv,SCBK,26/02/2024,164,164,148,148,48600
SCBK.csv,SCBK,04/03/2024,164,173,155.5,160,87600
SCBK.csv,SCBK,11/03/2024,160,187,160,187,153500
SCBK.csv,SCBK,18/03/2024,186.75,189.5,184,189.5,116500
SCBK.csv,SCBK,25/03/2024,190,200,190,196.75,155900
SCBK.csv,SCBK,02/04/2024,196.75,205,196.75,205,112200
SCBK.csv,SCBK,08/04/2024,205,205,196,199,96500
SCBK.csv,SCBK,15/04/2024,198,199.5,190,194.25,377800
SCBK.csv,SCBK,22/04/2024,184.75,184.75,160,173,88800
SCBK.csv,SCBK,29/04/2024,165.5,173,165.25,173,32500
SCBK.csv,SCBK,06/05/2024,173,179.5,173,176.5,85600
SCBK.csv,SCBK,13/05/2024,178,185,175,185,75900
SCBK.csv,SCBK,20/05/2024,185,188,180,188,34000
SCBK.csv,SCBK,27/05/2024,185.5,195,183,187,162400
SCBK.csv,SCBK,03/06/2024,187,190,187,189.75,375500
SCBK.csv,SCBK,10/06/2024,190,199.75,189,198,83700
SCBK.csv,SCBK,17/06/2024,197,197.75,190,195,471100
SCBK.csv,SCBK,24/06/2024,196.5,196.5,190,194,56300
SCBK.csv,SCBK,01/07/2024,192,200,192,194,209800
SCBK.csv,SCBK,08/07/2024,194,197,192.5,194,186700
SCBK.csv,SCBK,15/07/2024,194,195,192,192.75,48800
SCBK.csv,SCBK,22/07/2024,192.75,194,188,190,61500
SCBK.csv,SCBK,29/07/2024,191.5,191.5,188,190,74100
SCBK.csv,SCBK,05/08/2024,190,194.75,185.5,189,218500
SCBK.csv,SCBK,12/08/2024,190,194.5,187,189,68000
SCBK.csv,SCBK,19/08/2024,189,210,189,203,313900
SCBK.csv,SCBK,26/08/2024,205,209,200.5,202.25,16200
SCBK.csv,SCBK,02/09/2024,205,222.25,203,208.5,95300
SCBK.csv,SCBK,09/09/2024,212,213,209,211,188700
SCBK.csv,SCBK,16/09/2024,212,216,200,200,294300
SCBK.csv,SCBK,23/09/2024,203.5,210,202,210,101100
SCBK.csv,SCBK,30/09/2024,204,212,204,212,48200
SCBK.csv,SCBK,07/10/2024,212,218,212,218,36100
SCBK.csv,SCBK,14/10/2024,216.25,233,216,227,34700
SCBK.csv,SCBK,22/10/2024,230,233,225.25,230,42000
SCBK.csv,SCBK,28/10/2024,230,235,228,233,99700
SCBK.csv,SCBK,04/11/2024,234,236,230,232,78900
SCBK.csv,SCBK,11/11/2024,230.5,239,228,239,68000
SCBK.csv,SCBK,18/11/2024,236.5,248,232,248,86400
SCBK.csv,SCBK,25/11/2024,240,249,236.5,249,39200
SCBK.csv,SCBK,02/12/2024,243,251,243,250.25,35700
SCBK.csv,SCBK,09/12/2024,250,263.75,250,260,27900
SCBK.csv,SCBK,16/12/2024,260,275,254.5,270.75,60100
SCBK.csv,SCBK,23/12/2024,270,285,268.5,285,17800
SCBK.csv,SCBK,30/12/2024,285,300,269.25,300,74800
SCBK.csv,SCBK,06/01/2025,291,305,290,300,555800
SCBK.csv,SCBK,13/01/2025,299.75,300,275,285,224600
SCBK.csv,SCBK,20/01/2025,281,290,276.25,285,212100
SCBK.csv,SCBK,27/01/2025,282.5,289,276.25,278,43800
SCBK.csv,SCBK,03/02/2025,278,295,275,278,189600
SCBK.csv,SCBK,10/02/2025,280,295,280,293.75,78400
SCBK.csv,SCBK,17/02/2025,287,296,285,293,57200
SCBK.csv,SCBK,24/02/2025,296,310,290,300,296500
SCBK.csv,SCBK,03/03/2025,300.25,310,298,309.5,81700
SCBK.csv,SCBK,10/03/2025,300,300,269.75,270,116800
SCBK.csv,SCBK,17/03/2025,269.75,315,265.5,305,304600
SCBK.csv,SCBK,24/03/2025,305,305,298,300,156500
SCBK.csv,SCBK,01/04/2025,300,303,298,301.5,121000
SCBK.csv,SCBK,07/04/2025,303,310,290,297,219900
SCBK.csv,SCBK,14/04/2025,303,303,297,301,164200
SCBK.csv,SCBK,22/04/2025,303,310,300,306,212800
SCBK.csv,SCBK,28/04/2025,306,310,268,269,360700
SCBK.csv,SCBK,05/05/2025,270,280,266,267.75,110200
SCBK.csv,SCBK,12/05/2025,267,275,260,275,319400
SCBK.csv,SCBK,19/05/2025,275,280,262,264,435400
SCBK.csv,SCBK,26/05/2025,270,278,266.5,268,408300
SCBK.csv,SCBK,03/06/2025,268.5,278,266,270,111400
SCBK.csv,SCBK,09/06/2025,270,282,268,282,511300
SCBK.csv,SCBK,16/06/2025,280,300,280,289,240000
SCBK.csv,SCBK,23/06/2025,290,300,283,300,142500
SCBK.csv,SCBK,30/06/2025,300,319,297,306,161400
SCBK.csv,SCBK,07/07/2025,306,306,297,302,137100
SCBK.csv,SCBK,14/07/2025,302,310,300,305,1023000
SCBK.csv,SCBK,21/07/2025,310,310,300,310,130200
SCBK.csv,SCBK,28/07/2025,310,320,309,315,229500
SCBK.csv,SCBK,04/08/2025,315.5,324.5,310,324.5,206950
SCBK.csv,SCBK,11/08/2025,325,339.5,323,335,78241
SCBK.csv,SCBK,18/08/2025,335,347.5,301.5,315,106535
SCBK.csv,SCBK,25/08/2025,317,325,315,320,522658
SCBK.csv,SCBK,01/09/2025,320,340,318,325,711982
SCBK.csv,SCBK,08/09/2025,314,322,288,305,696566
SCBK.csv,SCBK,15/09/2025,307,310,282,282.75,497350
SCBK.csv,SCBK,22/09/2025,283,290,282,285,2123113
SCBK.csv,SCBK,29/09/2025,290,290,283,284,244300
SCBK.csv,SCBK,06/10/2025,284,285,279.5,283,141769
SCBK.csv,SCBK,13/10/2025,283,300,280.5,289,84976
SCBK.csv,SCBK,21/10/2025,293,300,285,298,659382
SCBK.csv,SCBK,27/10/2025,298,310,295,308,60067
SCBK.csv,SCBK,03/11/2025,308,315,307,311,143010
SCBK.csv,SCBK,10/11/2025,311.5,312,299.5,302.25,68774
SCBK.csv,SCBK,17/11/2025,302,306,295,299,347813
SCBK.csv,SCBK,24/11/2025,300,300,284,287.5,339427
SCBK.csv,SCBK,01/12/2025,287.5,290,285.5,287,187613
SCBK.csv,SCBK,08/12/2025,287,290,286,288,222917
SCBK.csv,SCBK,15/12/2025,288,305,286,305,358064
SCBK.csv,SCBK,22/12/2025,305,305,290,300,188604
SCBK.csv,SCBK,29/12/2025,305,305,295,300,39010
SCBK.csv,SCBK,05/01/2026,300,310,294,310,181939
SCBK.csv,SCBK,12/01/2026,307,310,302.25,308,119709
SCBK.csv,SCBK,19/01/2026,308,310,305,310,83703
SCBK.csv,SCBK,26/01/2026,309.75,310.25,305,309.5,649181
SCBK.csv,SCBK,02/02/2026,308,316,307.5,316,253246
SCBK.csv,SCBK,09/02/2026,316,359.75,310.5,338,224221
SCBK.csv,SCBK,16/02/2026,340,340,326,336.5,295255
SCBK.csv,SCBK,23/02/2026,331,365,330,365,219633
SCBK.csv,SCBK,02/03/2026,364,364,320,354,369856
SCBK.csv,SCBK,09/03/2026,353.75,354,321,335,213325
SCBK.csv,SCBK,16/03/2026,337,345,320,330.5,103219
SCBK.csv,SCBK,23/03/2026,330.5,330.5,320,328,193490
SCBK.csv,SCBK,30/03/2026,329,340,328,340,30997
SCBK.csv,SCBK,07/04/2026,340,349.75,335,345,70700
SCBK.csv,SCBK,13/04/2026,345,368,345,357,178198
SCBK.csv,SCBK,20/04/2026,360,370,343.75,349,181311
SCBK.csv,SCBK,27/04/2026,349,364,340,349.75,279140
SCBK.csv,SCBK,04/05/2026,340,340,316,333,260198
SCBK.csv,SCBK,11/05/2026,336,350,301.5,342.75,159235
SCBK.csv,SCBK,18/05/2026,341.25,344.75,320,336,119776
SCBK.csv,SCBK,25/05/2026,337,344,333,336,484218
SCBK.csv,SCBK,02/06/2026,336,336,330,332,134152
SCBK.csv,SCBK,08/06/2026,331.75,335,331,332,15357
